isic_id,width,height
ISIC_0051817,600,450
ISIC_0073863,600,450
ISIC_0075884,600,450
ISIC_0076255,600,450
ISIC_0077054,600,450
ISIC_0078190,600,450
ISIC_0078197,600,450
ISIC_0080019,600,450
ISIC_0080219,600,450
ISIC_0081055,600,450
ISIC_0082447,600,450
ISIC_0082638,600,450
ISIC_0082674,600,450
ISIC_0084581,600,450
ISIC_0084885,600,450
ISIC_0084958,600,450
ISIC_0089407,600,450
ISIC_0090512,600,450
ISIC_0091092,600,450
ISIC_0091477,600,450
ISIC_0091575,600,450
ISIC_0093135,600,450
ISIC_0093389,600,450
ISIC_0093873,600,450
ISIC_0094604,600,450
ISIC_0095743,600,450
ISIC_0096543,600,450
ISIC_0097262,600,450
ISIC_0097302,600,450
ISIC_0097629,600,450
ISIC_0097906,600,450
ISIC_0100523,600,450
ISIC_0101062,600,450
ISIC_0101767,600,450
ISIC_0101955,600,450
ISIC_0103091,600,450
ISIC_0103392,600,450
ISIC_0105249,600,450
ISIC_0106322,600,450
ISIC_0107067,600,450
ISIC_0108357,600,450
ISIC_0114709,600,450
ISIC_0115114,600,450
ISIC_0115985,600,450
ISIC_0116442,600,450
ISIC_0116622,600,450
ISIC_0118496,600,450
ISIC_0118795,600,450
ISIC_0119243,600,450
ISIC_0121050,600,450
ISIC_0123535,600,450
ISIC_0124081,600,450
ISIC_0124764,600,450
ISIC_0124902,600,450
ISIC_0125513,600,450
ISIC_0125985,600,450
ISIC_0127217,600,450
ISIC_0127934,600,450
ISIC_0129379,600,450
ISIC_0132555,600,450
ISIC_0135161,600,450
ISIC_0135826,600,450
ISIC_0138768,600,450
ISIC_0138914,600,450
ISIC_0140176,600,450
ISIC_0141332,600,450
ISIC_0141634,600,450
ISIC_0143535,600,450
ISIC_0144213,600,450
ISIC_0146067,600,450
ISIC_0146278,600,450
ISIC_0147255,600,450
ISIC_0148805,600,450
ISIC_0149062,600,450
ISIC_0150748,600,450
ISIC_0151603,600,450
ISIC_0151981,600,450
ISIC_0153376,600,450
ISIC_0153470,600,450
ISIC_0154688,600,450
ISIC_0154826,600,450
ISIC_0155053,600,450
ISIC_0155115,600,450
ISIC_0156507,600,450
ISIC_0158073,600,450
ISIC_0159106,600,450
ISIC_0159683,600,450
ISIC_0159874,600,450
ISIC_0161474,600,450
ISIC_0163776,600,450
ISIC_0165103,600,450
ISIC_0165198,600,450
ISIC_0167746,600,450
ISIC_0167803,600,450
ISIC_0169510,600,450
ISIC_0169534,600,450
ISIC_0169805,600,450
ISIC_0174755,600,450
ISIC_0174869,600,450
ISIC_0176893,600,450
ISIC_0178503,600,450
ISIC_0179367,600,450
ISIC_0181316,600,450
ISIC_0184224,600,450
ISIC_0185358,600,450
ISIC_0185719,600,450
ISIC_0187127,600,450
ISIC_0187220,600,450
ISIC_0188950,600,450
ISIC_0189659,600,450
ISIC_0190959,600,450
ISIC_0191714,600,450
ISIC_0192391,600,450
ISIC_0194116,600,450
ISIC_0195347,600,450
ISIC_0195374,600,450
ISIC_0195795,600,450
ISIC_0197274,600,450
ISIC_0197527,600,450
ISIC_0197900,600,450
ISIC_0198032,600,450
ISIC_0199124,600,450
ISIC_0200116,600,450
ISIC_0202283,600,450
ISIC_0202768,600,450
ISIC_0204323,600,450
ISIC_0204389,600,450
ISIC_0204717,600,450
ISIC_0208357,600,450
ISIC_0210672,600,450
ISIC_0210682,600,450
ISIC_0210906,600,450
ISIC_0211067,600,450
ISIC_0211830,600,450
ISIC_0212251,600,450
ISIC_0215803,600,450
ISIC_0216815,600,450
ISIC_0217174,600,450
ISIC_0217198,600,450
ISIC_0218425,600,450
ISIC_0220749,600,450
ISIC_0220890,600,450
ISIC_0225237,600,450
ISIC_0225383,600,450
ISIC_0225656,600,450
ISIC_0226793,600,450
ISIC_0226810,600,450
ISIC_0228941,600,450
ISIC_0229794,600,450
ISIC_0230087,600,450
ISIC_0230558,600,450
ISIC_0230992,600,450
ISIC_0231625,600,450
ISIC_0233827,600,450
ISIC_0233929,600,450
ISIC_0234148,600,450
ISIC_0234458,600,450
ISIC_0236002,600,450
ISIC_0236351,600,450
ISIC_0237641,600,450
ISIC_0240393,600,450
ISIC_0241896,600,450
ISIC_0242383,600,450
ISIC_0244875,600,450
ISIC_0245594,600,450
ISIC_0247645,600,450
ISIC_0248336,600,450
ISIC_0250211,600,450
ISIC_0251142,600,450
ISIC_0254794,600,450
ISIC_0255886,600,450
ISIC_0256695,600,450
ISIC_0257297,600,450
ISIC_0257338,600,450
ISIC_0258020,600,450
ISIC_0259020,600,450
ISIC_0260732,600,450
ISIC_0261218,600,450
ISIC_0263121,600,450
ISIC_0263908,600,450
ISIC_0264904,600,450
ISIC_0265421,600,450
ISIC_0265983,600,450
ISIC_0266897,600,450
ISIC_0267616,600,450
ISIC_0268984,600,450
ISIC_0270502,600,450
ISIC_0271489,600,450
ISIC_0273939,600,450
ISIC_0274862,600,450
ISIC_0275196,600,450
ISIC_0277160,600,450
ISIC_0278402,600,450
ISIC_0278827,600,450
ISIC_0280428,600,450
ISIC_0281083,600,450
ISIC_0282178,600,450
ISIC_0282454,600,450
ISIC_0282478,600,450
ISIC_0283929,600,450
ISIC_0284963,600,450
ISIC_0286860,600,450
ISIC_0289289,600,450
ISIC_0289550,600,450
ISIC_0289881,600,450
ISIC_0290183,600,450
ISIC_0290702,600,450
ISIC_0292082,600,450
ISIC_0292393,600,450
ISIC_0294743,600,450
ISIC_0297229,600,450
ISIC_0298744,600,450
ISIC_0301368,600,450
ISIC_0302768,600,450
ISIC_0303344,600,450
ISIC_0303886,600,450
ISIC_0304311,600,450
ISIC_0304794,600,450
ISIC_0305865,600,450
ISIC_0307003,600,450
ISIC_0307392,600,450
ISIC_0307669,600,450
ISIC_0308676,600,450
ISIC_0310082,600,450
ISIC_0310449,600,450
ISIC_0310855,600,450
ISIC_0311394,600,450
ISIC_0311944,600,450
ISIC_0313013,600,450
ISIC_0314216,600,450
ISIC_0314737,600,450
ISIC_0316259,600,450
ISIC_0317094,600,450
ISIC_0319894,600,450
ISIC_0320008,600,450
ISIC_0321371,600,450
ISIC_0323748,600,450
ISIC_0323945,600,450
ISIC_0324439,600,450
ISIC_0325053,600,450
ISIC_0325706,600,450
ISIC_0326524,600,450
ISIC_0326699,600,450
ISIC_0327776,600,450
ISIC_0329283,600,450
ISIC_0330089,600,450
ISIC_0332299,600,450
ISIC_0332749,600,450
ISIC_0333650,600,450
ISIC_0336951,600,450
ISIC_0338353,600,450
ISIC_0338405,600,450
ISIC_0338923,600,450
ISIC_0339191,600,450
ISIC_0342710,600,450
ISIC_0346032,600,450
ISIC_0346075,600,450
ISIC_0346352,600,450
ISIC_0349437,600,450
ISIC_0350119,600,450
ISIC_0350483,600,450
ISIC_0350747,600,450
ISIC_0350911,600,450
ISIC_0352367,600,450
ISIC_0353171,600,450
ISIC_0354697,600,450
ISIC_0356038,600,450
ISIC_0360727,600,450
ISIC_0361189,600,450
ISIC_0361366,600,450
ISIC_0362181,600,450
ISIC_0363002,600,450
ISIC_0364345,600,450
ISIC_0365517,600,450
ISIC_0366902,600,450
ISIC_0367096,600,450
ISIC_0368075,600,450
ISIC_0368345,600,450
ISIC_0368483,600,450
ISIC_0368554,600,450
ISIC_0369681,600,450
ISIC_0370218,600,450
ISIC_0370740,600,450
ISIC_0370911,600,450
ISIC_0371409,600,450
ISIC_0371990,600,450
ISIC_0372945,600,450
ISIC_0373147,600,450
ISIC_0373667,600,450
ISIC_0373682,600,450
ISIC_0373826,600,450
ISIC_0376198,600,450
ISIC_0376743,600,450
ISIC_0376752,600,450
ISIC_0376931,600,450
ISIC_0377418,600,450
ISIC_0377749,600,450
ISIC_0378725,600,450
ISIC_0378928,600,450
ISIC_0379139,600,450
ISIC_0379615,600,450
ISIC_0379668,600,450
ISIC_0381085,600,450
ISIC_0381744,600,450
ISIC_0381913,600,450
ISIC_0382621,600,450
ISIC_0383910,600,450
ISIC_0384010,600,450
ISIC_0385678,600,450
ISIC_0386589,600,450
ISIC_0387025,600,450
ISIC_0387034,600,450
ISIC_0387211,600,450
ISIC_0387282,600,450
ISIC_0387826,600,450
ISIC_0388843,600,450
ISIC_0389181,600,450
ISIC_0390452,600,450
ISIC_0391153,600,450
ISIC_0391361,600,450
ISIC_0392480,600,450
ISIC_0393134,600,450
ISIC_0393927,600,450
ISIC_0396597,600,450
ISIC_0397332,600,450
ISIC_0398312,600,450
ISIC_0398501,600,450
ISIC_0402070,600,450
ISIC_0402893,600,450
ISIC_0403826,600,450
ISIC_0406149,600,450
ISIC_0408084,600,450
ISIC_0408436,600,450
ISIC_0408941,600,450
ISIC_0410404,600,450
ISIC_0410802,600,450
ISIC_0411043,600,450
ISIC_0411208,600,450
ISIC_0411343,600,450
ISIC_0411397,600,450
ISIC_0411803,600,450
ISIC_0414153,600,450
ISIC_0414164,600,450
ISIC_0415024,600,450
ISIC_0416055,600,450
ISIC_0416329,600,450
ISIC_0417486,600,450
ISIC_0418807,600,450
ISIC_0419492,600,450
ISIC_0422017,600,450
ISIC_0423080,600,450
ISIC_0423217,600,450
ISIC_0424213,600,450
ISIC_0424515,600,450
ISIC_0424607,600,450
ISIC_0426102,600,450
ISIC_0426130,600,450
ISIC_0426131,600,450
ISIC_0426781,600,450
ISIC_0427331,600,450
ISIC_0427475,600,450
ISIC_0428185,600,450
ISIC_0428450,600,450
ISIC_0433706,600,450
ISIC_0435506,600,450
ISIC_0438775,600,450
ISIC_0440292,600,450
ISIC_0440550,600,450
ISIC_0441214,600,450
ISIC_0441425,600,450
ISIC_0441714,600,450
ISIC_0441765,600,450
ISIC_0442192,600,450
ISIC_0442849,600,450
ISIC_0442866,600,450
ISIC_0443245,600,450
ISIC_0444685,600,450
ISIC_0444953,600,450
ISIC_0445960,600,450
ISIC_0447190,600,450
ISIC_0447553,600,450
ISIC_0448586,600,450
ISIC_0450405,600,450
ISIC_0450792,600,450
ISIC_0454029,600,450
ISIC_0454057,600,450
ISIC_0456269,600,450
ISIC_0457897,600,450
ISIC_0458709,600,450
ISIC_0460586,600,450
ISIC_0460690,600,450
ISIC_0461233,600,450
ISIC_0461566,600,450
ISIC_0463396,600,450
ISIC_0463510,600,450
ISIC_0464954,600,450
ISIC_0467500,600,450
ISIC_0467628,600,450
ISIC_0467778,600,450
ISIC_0468332,600,450
ISIC_0468733,600,450
ISIC_0470080,600,450
ISIC_0471652,600,450
ISIC_0472359,600,450
ISIC_0473678,600,450
ISIC_0474474,600,450
ISIC_0477999,600,450
ISIC_0478016,600,450
ISIC_0478881,600,450
ISIC_0479656,600,450
ISIC_0481541,600,450
ISIC_0483066,600,450
ISIC_0485396,600,450
ISIC_0485633,600,450
ISIC_0487104,600,450
ISIC_0488771,600,450
ISIC_0489274,600,450
ISIC_0489440,600,450
ISIC_0489493,600,450
ISIC_0490117,600,450
ISIC_0490330,600,450
ISIC_0490468,600,450
ISIC_0495585,600,450
ISIC_0495769,600,450
ISIC_0496864,600,450
ISIC_0497574,600,450
ISIC_0497671,600,450
ISIC_0497849,600,450
ISIC_0497851,600,450
ISIC_0497911,600,450
ISIC_0497921,600,450
ISIC_0498304,600,450
ISIC_0499568,600,450
ISIC_0499702,600,450
ISIC_0499739,600,450
ISIC_0500110,600,450
ISIC_0501244,600,450
ISIC_0502224,600,450
ISIC_0502413,600,450
ISIC_0502738,600,450
ISIC_0504075,600,450
ISIC_0506795,600,450
ISIC_0506930,600,450
ISIC_0506961,600,450
ISIC_0507021,600,450
ISIC_0507617,600,450
ISIC_0507778,600,450
ISIC_0508629,600,450
ISIC_0508714,600,450
ISIC_0510199,600,450
ISIC_0510537,600,450
ISIC_0512596,600,450
ISIC_0512725,600,450
ISIC_0512778,600,450
ISIC_0513234,600,450
ISIC_0513969,600,450
ISIC_0514391,600,450
ISIC_0515719,600,450
ISIC_0517219,600,450
ISIC_0517354,600,450
ISIC_0517766,600,450
ISIC_0518723,600,450
ISIC_0519768,600,450
ISIC_0522356,600,450
ISIC_0524110,600,450
ISIC_0525463,600,450
ISIC_0526168,600,450
ISIC_0527788,600,450
ISIC_0528026,600,450
ISIC_0528832,600,450
ISIC_0528949,600,450
ISIC_0529050,600,450
ISIC_0529633,600,450
ISIC_0531382,600,450
ISIC_0532349,600,450
ISIC_0532506,600,450
ISIC_0533507,600,450
ISIC_0534510,600,450
ISIC_0535290,600,450
ISIC_0537394,600,450
ISIC_0537911,600,450
ISIC_0538851,600,450
ISIC_0539206,600,450
ISIC_0540953,600,450
ISIC_0542450,600,450
ISIC_0543368,600,450
ISIC_0546382,600,450
ISIC_0546389,600,450
ISIC_0546402,600,450
ISIC_0547517,600,450
ISIC_0547765,600,450
ISIC_0548842,600,450
ISIC_0552716,600,450
ISIC_0552734,600,450
ISIC_0552851,600,450
ISIC_0553265,600,450
ISIC_0553752,600,450
ISIC_0557709,600,450
ISIC_0558331,600,450
ISIC_0560217,600,450
ISIC_0560810,600,450
ISIC_0561102,600,450
ISIC_0561480,600,450
ISIC_0562738,600,450
ISIC_0567766,600,450
ISIC_0569067,600,450
ISIC_0569529,600,450
ISIC_0570358,600,450
ISIC_0570697,600,450
ISIC_0571049,600,450
ISIC_0571728,600,450
ISIC_0572831,600,450
ISIC_0572875,600,450
ISIC_0573471,600,450
ISIC_0575130,600,450
ISIC_0575623,600,450
ISIC_0575879,600,450
ISIC_0576611,600,450
ISIC_0576794,600,450
ISIC_0579366,600,450
ISIC_0581803,600,450
ISIC_0582067,600,450
ISIC_0583040,600,450
ISIC_0583409,600,450
ISIC_0583712,600,450
ISIC_0584164,600,450
ISIC_0585018,600,450
ISIC_0586691,600,450
ISIC_0587530,600,450
ISIC_0588937,600,450
ISIC_0589952,600,450
ISIC_0590248,600,450
ISIC_0590401,600,450
ISIC_0591696,600,450
ISIC_0592812,600,450
ISIC_0593055,600,450
ISIC_0593908,600,450
ISIC_0594231,600,450
ISIC_0595350,600,450
ISIC_0597607,600,450
ISIC_0598073,600,450
ISIC_0598387,600,450
ISIC_0598709,600,450
ISIC_0601665,600,450
ISIC_0601743,600,450
ISIC_0603125,600,450
ISIC_0603409,600,450
ISIC_0603818,600,450
ISIC_0605402,600,450
ISIC_0605910,600,450
ISIC_0606651,600,450
ISIC_0608754,600,450
ISIC_0608821,600,450
ISIC_0608960,600,450
ISIC_0610035,600,450
ISIC_0612028,600,450
ISIC_0612181,600,450
ISIC_0612261,600,450
ISIC_0612519,600,450
ISIC_0612725,600,450
ISIC_0612793,600,450
ISIC_0613695,600,450
ISIC_0614880,600,450
ISIC_0615653,600,450
ISIC_0616115,600,450
ISIC_0617272,600,450
ISIC_0620394,600,450
ISIC_0622255,600,450
ISIC_0625197,600,450
ISIC_0627375,600,450
ISIC_0627627,600,450
ISIC_0627667,600,450
ISIC_0627933,600,450
ISIC_0628522,600,450
ISIC_0628658,600,450
ISIC_0629020,600,450
ISIC_0630375,600,450
ISIC_0632001,600,450
ISIC_0633557,600,450
ISIC_0634232,600,450
ISIC_0635424,600,450
ISIC_0637039,600,450
ISIC_0637655,600,450
ISIC_0638581,600,450
ISIC_0640031,600,450
ISIC_0642767,600,450
ISIC_0643281,600,450
ISIC_0644098,600,450
ISIC_0644224,600,450
ISIC_0645934,600,450
ISIC_0646278,600,450
ISIC_0646544,600,450
ISIC_0647017,600,450
ISIC_0649359,600,450
ISIC_0649497,600,450
ISIC_0650927,600,450
ISIC_0651228,600,450
ISIC_0652620,600,450
ISIC_0654229,600,450
ISIC_0655029,600,450
ISIC_0656565,600,450
ISIC_0656805,600,450
ISIC_0657349,600,450
ISIC_0657679,600,450
ISIC_0657859,600,450
ISIC_0658837,600,450
ISIC_0659229,600,450
ISIC_0659383,600,450
ISIC_0660859,600,450
ISIC_0661387,600,450
ISIC_0661563,600,450
ISIC_0661874,600,450
ISIC_0662021,600,450
ISIC_0662620,600,450
ISIC_0664016,600,450
ISIC_0664879,600,450
ISIC_0666405,600,450
ISIC_0666574,600,450
ISIC_0666575,600,450
ISIC_0669396,600,450
ISIC_0669812,600,450
ISIC_0670265,600,450
ISIC_0671005,600,450
ISIC_0674586,600,450
ISIC_0676527,600,450
ISIC_0680433,600,450
ISIC_0680993,600,450
ISIC_0681143,600,450
ISIC_0682339,600,450
ISIC_0683612,600,450
ISIC_0684071,600,450
ISIC_0684627,600,450
ISIC_0685008,600,450
ISIC_0686239,600,450
ISIC_0686429,600,450
ISIC_0686612,600,450
ISIC_0687223,600,450
ISIC_0688926,600,450
ISIC_0689386,600,450
ISIC_0690154,600,450
ISIC_0690986,600,450
ISIC_0692759,600,450
ISIC_0693344,600,450
ISIC_0694740,600,450
ISIC_0695322,600,450
ISIC_0695415,600,450
ISIC_0696597,600,450
ISIC_0698052,600,450
ISIC_0699088,600,450
ISIC_0699287,600,450
ISIC_0700335,600,450
ISIC_0703597,600,450
ISIC_0703618,600,450
ISIC_0707479,600,450
ISIC_0709199,600,450
ISIC_0713331,600,450
ISIC_0715287,600,450
ISIC_0715312,600,450
ISIC_0715665,600,450
ISIC_0717001,600,450
ISIC_0718332,600,450
ISIC_0719228,600,450
ISIC_0720115,600,450
ISIC_0720304,600,450
ISIC_0720537,600,450
ISIC_0722347,600,450
ISIC_0723926,600,450
ISIC_0724875,600,450
ISIC_0724943,600,450
ISIC_0725065,600,450
ISIC_0725098,600,450
ISIC_0727105,600,450
ISIC_0727761,600,450
ISIC_0729575,600,450
ISIC_0729799,600,450
ISIC_0731364,600,450
ISIC_0733275,600,450
ISIC_0734414,600,450
ISIC_0735025,600,450
ISIC_0735096,600,450
ISIC_0738113,600,450
ISIC_0738371,600,450
ISIC_0738994,600,450
ISIC_0740405,600,450
ISIC_0742972,600,450
ISIC_0743555,600,450
ISIC_0743648,600,450
ISIC_0744283,600,450
ISIC_0745250,600,450
ISIC_0745953,600,450
ISIC_0746280,600,450
ISIC_0746532,600,450
ISIC_0746908,600,450
ISIC_0751829,600,450
ISIC_0754291,600,450
ISIC_0755062,600,450
ISIC_0755088,600,450
ISIC_0755454,600,450
ISIC_0758142,600,450
ISIC_0758242,600,450
ISIC_0758332,600,450
ISIC_0760456,600,450
ISIC_0761359,600,450
ISIC_0762973,600,450
ISIC_0763559,600,450
ISIC_0763911,600,450
ISIC_0763962,600,450
ISIC_0764650,600,450
ISIC_0765311,600,450
ISIC_0767613,600,450
ISIC_0768610,600,450
ISIC_0768895,600,450
ISIC_0769255,600,450
ISIC_0770132,600,450
ISIC_0770326,600,450
ISIC_0772256,600,450
ISIC_0772345,600,450
ISIC_0772652,600,450
ISIC_0772947,600,450
ISIC_0773145,600,450
ISIC_0774870,600,450
ISIC_0776010,600,450
ISIC_0777268,600,450
ISIC_0777357,600,450
ISIC_0777452,600,450
ISIC_0780544,600,450
ISIC_0780574,600,450
ISIC_0782621,600,450
ISIC_0783369,600,450
ISIC_0783408,600,450
ISIC_0783971,600,450
ISIC_0784089,600,450
ISIC_0784305,600,450
ISIC_0785356,600,450
ISIC_0785366,600,450
ISIC_0786326,600,450
ISIC_0786490,600,450
ISIC_0786863,600,450
ISIC_0790292,600,450
ISIC_0791494,600,450
ISIC_0793894,600,450
ISIC_0794160,600,450
ISIC_0796805,600,450
ISIC_0796884,600,450
ISIC_0798109,600,450
ISIC_0799155,600,450
ISIC_0800437,600,450
ISIC_0800961,600,450
ISIC_0801041,600,450
ISIC_0801838,600,450
ISIC_0802543,600,450
ISIC_0802648,600,450
ISIC_0805815,600,450
ISIC_0805951,600,450
ISIC_0805994,600,450
ISIC_0806039,600,450
ISIC_0807573,600,450
ISIC_0807781,600,450
ISIC_0809407,600,450
ISIC_0809896,600,450
ISIC_0809957,600,450
ISIC_0811123,600,450
ISIC_0811266,600,450
ISIC_0811514,600,450
ISIC_0811596,600,450
ISIC_0811703,600,450
ISIC_0812574,600,450
ISIC_0812646,600,450
ISIC_0812659,600,450
ISIC_0813000,600,450
ISIC_0813313,600,450
ISIC_0813563,600,450
ISIC_0815023,600,450
ISIC_0817051,600,450
ISIC_0817963,600,450
ISIC_0818540,600,450
ISIC_0819008,600,450
ISIC_0820547,600,450
ISIC_0821297,600,450
ISIC_0822220,600,450
ISIC_0823112,600,450
ISIC_0823269,600,450
ISIC_0823916,600,450
ISIC_0824121,600,450
ISIC_0825152,600,450
ISIC_0826007,600,450
ISIC_0826708,600,450
ISIC_0828276,600,450
ISIC_0829180,600,450
ISIC_0829445,600,450
ISIC_0830502,600,450
ISIC_0831021,600,450
ISIC_0831157,600,450
ISIC_0831409,600,450
ISIC_0831512,600,450
ISIC_0831898,600,450
ISIC_0833402,600,450
ISIC_0835030,600,450
ISIC_0835458,600,450
ISIC_0835682,600,450
ISIC_0836114,600,450
ISIC_0836815,600,450
ISIC_0838227,600,450
ISIC_0840284,600,450
ISIC_0841169,600,450
ISIC_0842059,600,450
ISIC_0844469,600,450
ISIC_0845014,600,450
ISIC_0846122,600,450
ISIC_0846856,600,450
ISIC_0846896,600,450
ISIC_0848694,600,450
ISIC_0849075,600,450
ISIC_0849646,600,450
ISIC_0850383,600,450
ISIC_0851659,600,450
ISIC_0852575,600,450
ISIC_0853298,600,450
ISIC_0853302,600,450
ISIC_0854749,600,450
ISIC_0855130,600,450
ISIC_0855384,600,450
ISIC_0855454,600,450
ISIC_0856370,600,450
ISIC_0857448,600,450
ISIC_0858555,600,450
ISIC_0858765,600,450
ISIC_0859627,600,450
ISIC_0860468,600,450
ISIC_0862809,600,450
ISIC_0863389,600,450
ISIC_0863711,600,450
ISIC_0865713,600,450
ISIC_0866079,600,450
ISIC_0866872,600,450
ISIC_0866932,600,450
ISIC_0867027,600,450
ISIC_0867059,600,450
ISIC_0867368,600,450
ISIC_0869141,600,450
ISIC_0870426,600,450
ISIC_0871073,600,450
ISIC_0871337,600,450
ISIC_0871438,600,450
ISIC_0872036,600,450
ISIC_0872261,600,450
ISIC_0872284,600,450
ISIC_0873387,600,450
ISIC_0874081,600,450
ISIC_0875516,600,450
ISIC_0879335,600,450
ISIC_0880053,600,450
ISIC_0880783,600,450
ISIC_0881081,600,450
ISIC_0881138,600,450
ISIC_0881507,600,450
ISIC_0883146,600,450
ISIC_0885646,600,450
ISIC_0885674,600,450
ISIC_0886120,600,450
ISIC_0886687,600,450
ISIC_0887242,600,450
ISIC_0887284,600,450
ISIC_0888116,600,450
ISIC_0888295,600,450
ISIC_0889674,600,450
ISIC_0890975,600,450
ISIC_0891581,600,450
ISIC_0891621,600,450
ISIC_0892888,600,450
ISIC_0893414,600,450
ISIC_0893723,600,450
ISIC_0895262,600,450
ISIC_0895631,600,450
ISIC_0895842,600,450
ISIC_0896718,600,450
ISIC_0897372,600,450
ISIC_0898369,600,450
ISIC_0899069,600,450
ISIC_0899253,600,450
ISIC_0904295,600,450
ISIC_0906065,600,450
ISIC_0906598,600,450
ISIC_0907266,600,450
ISIC_0907354,600,450
ISIC_0907555,600,450
ISIC_0907716,600,450
ISIC_0908255,600,450
ISIC_0909697,600,450
ISIC_0911271,600,450
ISIC_0912531,600,450
ISIC_0912606,600,450
ISIC_0913438,600,450
ISIC_0913648,600,450
ISIC_0914299,600,450
ISIC_0914647,600,450
ISIC_0918357,600,450
ISIC_0919015,600,450
ISIC_0919412,600,450
ISIC_0919950,600,450
ISIC_0920424,600,450
ISIC_0920625,600,450
ISIC_0921779,600,450
ISIC_0922807,600,450
ISIC_0923483,600,450
ISIC_0924335,600,450
ISIC_0924690,600,450
ISIC_0926891,600,450
ISIC_0928029,600,450
ISIC_0929356,600,450
ISIC_0930244,600,450
ISIC_0931470,600,450
ISIC_0931746,600,450
ISIC_0933237,600,450
ISIC_0933479,600,450
ISIC_0933741,600,450
ISIC_0934261,600,450
ISIC_0934708,600,450
ISIC_0935658,600,450
ISIC_0936650,600,450
ISIC_0937259,600,450
ISIC_0937410,600,450
ISIC_0938409,600,450
ISIC_0938645,600,450
ISIC_0939581,600,450
ISIC_0939687,600,450
ISIC_0940771,600,450
ISIC_0944241,600,450
ISIC_0946795,600,450
ISIC_0948347,600,450
ISIC_0949145,600,450
ISIC_0949430,600,450
ISIC_0950495,600,450
ISIC_0950510,600,450
ISIC_0950931,600,450
ISIC_0951274,600,450
ISIC_0951585,600,450
ISIC_0953324,600,450
ISIC_0955574,600,450
ISIC_0955754,600,450
ISIC_0956399,600,450
ISIC_0957094,600,450
ISIC_0958356,600,450
ISIC_0958977,600,450
ISIC_0960754,600,450
ISIC_0962054,600,450
ISIC_0962183,600,450
ISIC_0963794,600,450
ISIC_0963883,600,450
ISIC_0964556,600,450
ISIC_0964646,600,450
ISIC_0965546,600,450
ISIC_0965611,600,450
ISIC_0966559,600,450
ISIC_0968530,600,450
ISIC_0970615,600,450
ISIC_0971123,600,450
ISIC_0972110,600,450
ISIC_0973204,600,450
ISIC_0973981,600,450
ISIC_0974797,600,450
ISIC_0974866,600,450
ISIC_0975299,600,450
ISIC_0975720,600,450
ISIC_0976079,600,450
ISIC_0977792,600,450
ISIC_0979570,600,450
ISIC_0979678,600,450
ISIC_0980403,600,450
ISIC_0981335,600,450
ISIC_0981634,600,450
ISIC_0982924,600,450
ISIC_0983974,600,450
ISIC_0984507,600,450
ISIC_0986356,600,450
ISIC_0987080,600,450
ISIC_0987929,600,450
ISIC_0988479,600,450
ISIC_0989126,600,450
ISIC_0990658,600,450
ISIC_0990706,600,450
ISIC_0990979,600,450
ISIC_0991005,600,450
ISIC_0991616,600,450
ISIC_0991989,600,450
ISIC_0993424,600,450
ISIC_0993471,600,450
ISIC_0994154,600,450
ISIC_0997976,600,450
ISIC_1000386,600,450
ISIC_1000918,600,450
ISIC_1001492,600,450
ISIC_1002134,600,450
ISIC_1002562,600,450
ISIC_1006010,600,450
ISIC_1006415,600,450
ISIC_1006756,600,450
ISIC_1009291,600,450
ISIC_1009475,600,450
ISIC_1009860,600,450
ISIC_1010358,600,450
ISIC_1010434,600,450
ISIC_1010567,600,450
ISIC_1011069,600,450
ISIC_1012530,600,450
ISIC_1012687,600,450
ISIC_1014403,600,450
ISIC_1014424,600,450
ISIC_1018753,600,450
ISIC_1019247,600,450
ISIC_1019384,600,450
ISIC_1020628,600,450
ISIC_1021842,600,450
ISIC_1023707,600,450
ISIC_1025034,600,450
ISIC_1025100,600,450
ISIC_1028434,600,450
ISIC_1028789,600,450
ISIC_1029056,600,450
ISIC_1029279,600,450
ISIC_1029957,600,450
ISIC_1030228,600,450
ISIC_1032764,600,450
ISIC_1033249,600,450
ISIC_1033453,600,450
ISIC_1035863,600,450
ISIC_1037712,600,450
ISIC_1038282,600,450
ISIC_1042270,600,450
ISIC_1044266,600,450
ISIC_1045607,600,450
ISIC_1046103,600,450
ISIC_1048297,600,450
ISIC_1048496,600,450
ISIC_1049145,600,450
ISIC_1050489,600,450
ISIC_1052154,600,450
ISIC_1052176,600,450
ISIC_1053256,600,450
ISIC_1054751,600,450
ISIC_1054971,600,450
ISIC_1055162,600,450
ISIC_1056095,600,450
ISIC_1058069,600,450
ISIC_1058258,600,450
ISIC_1058357,600,450
ISIC_1058813,600,450
ISIC_1058937,600,450
ISIC_1059467,600,450
ISIC_1061716,600,450
ISIC_1062335,600,450
ISIC_1063001,600,450
ISIC_1063241,600,450
ISIC_1064441,600,450
ISIC_1064824,600,450
ISIC_1066229,600,450
ISIC_1066639,600,450
ISIC_1066863,600,450
ISIC_1069165,600,450
ISIC_1069584,600,450
ISIC_1069722,600,450
ISIC_1070485,600,450
ISIC_1070964,600,450
ISIC_1073412,600,450
ISIC_1074795,600,450
ISIC_1075770,600,450
ISIC_1076265,600,450
ISIC_1078763,600,450
ISIC_1079378,600,450
ISIC_1080345,600,450
ISIC_1081140,600,450
ISIC_1083704,600,450
ISIC_1084026,600,450
ISIC_1085320,600,450
ISIC_1085321,600,450
ISIC_1085608,600,450
ISIC_1085792,600,450
ISIC_1086483,600,450
ISIC_1089519,600,450
ISIC_1089656,600,450
ISIC_1090102,600,450
ISIC_1090300,600,450
ISIC_1090781,600,450
ISIC_1090794,600,450
ISIC_1091183,600,450
ISIC_1091566,600,450
ISIC_1094830,600,450
ISIC_1097732,600,450
ISIC_1099345,600,450
ISIC_1099402,600,450
ISIC_1099492,600,450
ISIC_1101076,600,450
ISIC_1102101,600,450
ISIC_1102915,600,450
ISIC_1103609,600,450
ISIC_1103956,600,450
ISIC_1105494,600,450
ISIC_1105520,600,450
ISIC_1106208,600,450
ISIC_1107390,600,450
ISIC_1107534,600,450
ISIC_1110074,600,450
ISIC_1110722,600,450
ISIC_1111101,600,450
ISIC_1111291,600,450
ISIC_1111477,600,450
ISIC_1111646,600,450
ISIC_1112216,600,450
ISIC_1113064,600,450
ISIC_1115156,600,450
ISIC_1116303,600,450
ISIC_1118925,600,450
ISIC_1119141,600,450
ISIC_1119486,600,450
ISIC_1119886,600,450
ISIC_1121645,600,450
ISIC_1121888,600,450
ISIC_1123171,600,450
ISIC_1124077,600,450
ISIC_1124387,600,450
ISIC_1124994,600,450
ISIC_1126401,600,450
ISIC_1126704,600,450
ISIC_1128113,600,450
ISIC_1128748,600,450
ISIC_1129242,600,450
ISIC_1129613,600,450
ISIC_1130153,600,450
ISIC_1130368,600,450
ISIC_1132361,600,450
ISIC_1133187,600,450
ISIC_1134088,600,450
ISIC_1134411,600,450
ISIC_1135159,600,450
ISIC_1135277,600,450
ISIC_1135697,600,450
ISIC_1136259,600,450
ISIC_1136271,600,450
ISIC_1136498,600,450
ISIC_1137894,600,450
ISIC_1138088,600,450
ISIC_1138771,600,450
ISIC_1138976,600,450
ISIC_1139673,600,450
ISIC_1140407,600,450
ISIC_1141942,600,450
ISIC_1142211,600,450
ISIC_1143783,600,450
ISIC_1145018,600,450
ISIC_1146500,600,450
ISIC_1146594,600,450
ISIC_1146954,600,450
ISIC_1148803,600,450
ISIC_1149850,600,450
ISIC_1150454,600,450
ISIC_1151008,600,450
ISIC_1151059,600,450
ISIC_1152260,600,450
ISIC_1154162,600,450
ISIC_1154207,600,450
ISIC_1154405,600,450
ISIC_1156133,600,450
ISIC_1156729,600,450
ISIC_1157338,600,450
ISIC_1157692,600,450
ISIC_1159427,600,450
ISIC_1160092,600,450
ISIC_1160288,600,450
ISIC_1161165,600,450
ISIC_1161990,600,450
ISIC_1163119,600,450
ISIC_1163815,600,450
ISIC_1166088,600,450
ISIC_1166255,600,450
ISIC_1167183,600,450
ISIC_1168286,600,450
ISIC_1169219,600,450
ISIC_1170330,600,450
ISIC_1170720,600,450
ISIC_1170971,600,450
ISIC_1171368,600,450
ISIC_1171609,600,450
ISIC_1171731,600,450
ISIC_1171759,600,450
ISIC_1172471,600,450
ISIC_1173037,600,450
ISIC_1174739,600,450
ISIC_1175016,600,450
ISIC_1176025,600,450
ISIC_1176222,600,450
ISIC_1176236,600,450
ISIC_1176359,600,450
ISIC_1176432,600,450
ISIC_1176980,600,450
ISIC_1177251,600,450
ISIC_1177346,600,450
ISIC_1179663,600,450
ISIC_1179992,600,450
ISIC_1181087,600,450
ISIC_1181197,600,450
ISIC_1181436,600,450
ISIC_1182214,600,450
ISIC_1182747,600,450
ISIC_1184775,600,450
ISIC_1186941,600,450
ISIC_1189166,600,450
ISIC_1189485,600,450
ISIC_1190372,600,450
ISIC_1191914,600,450
ISIC_1191996,600,450
ISIC_1192068,600,450
ISIC_1192517,600,450
ISIC_1192919,600,450
ISIC_1194209,600,450
ISIC_1195811,600,450
ISIC_1198104,600,450
ISIC_1199167,600,450
ISIC_1199576,600,450
ISIC_1200835,600,450
ISIC_1201025,600,450
ISIC_1201852,600,450
ISIC_1205427,600,450
ISIC_1206880,600,450
ISIC_1207350,600,450
ISIC_1208071,600,450
ISIC_1209022,600,450
ISIC_1210101,600,450
ISIC_1210329,600,450
ISIC_1210456,600,450
ISIC_1212172,600,450
ISIC_1212608,600,450
ISIC_1215920,600,450
ISIC_1217127,600,450
ISIC_1217694,600,450
ISIC_1218245,600,450
ISIC_1218465,600,450
ISIC_1219190,600,450
ISIC_1219741,600,450
ISIC_1220536,600,450
ISIC_1221689,600,450
ISIC_1221863,600,450
ISIC_1222561,600,450
ISIC_1222720,600,450
ISIC_1223850,600,450
ISIC_1224887,600,450
ISIC_1225203,600,450
ISIC_1225678,600,450
ISIC_1225707,600,450
ISIC_1226932,600,450
ISIC_1230479,600,450
ISIC_1230865,600,450
ISIC_1231719,600,450
ISIC_1232023,600,450
ISIC_1232869,600,450
ISIC_1234193,600,450
ISIC_1236473,600,450
ISIC_1237574,600,450
ISIC_1237876,600,450
ISIC_1237960,600,450
ISIC_1239264,600,450
ISIC_1240854,600,450
ISIC_1241018,600,450
ISIC_1241916,600,450
ISIC_1242474,600,450
ISIC_1242913,600,450
ISIC_1243858,600,450
ISIC_1243982,600,450
ISIC_1244447,600,450
ISIC_1244450,600,450
ISIC_1245273,600,450
ISIC_1249178,600,450
ISIC_1249375,600,450
ISIC_1252883,600,450
ISIC_1253452,600,450
ISIC_1255149,600,450
ISIC_1255346,600,450
ISIC_1255617,600,450
ISIC_1255858,600,450
ISIC_1258360,600,450
ISIC_1260636,600,450
ISIC_1261497,600,450
ISIC_1261731,600,450
ISIC_1262493,600,450
ISIC_1262809,600,450
ISIC_1264034,600,450
ISIC_1266614,600,450
ISIC_1268914,600,450
ISIC_1272082,600,450
ISIC_1272616,600,450
ISIC_1275047,600,450
ISIC_1275089,600,450
ISIC_1275437,600,450
ISIC_1276558,600,450
ISIC_1276590,600,450
ISIC_1279315,600,450
ISIC_1279652,600,450
ISIC_1280046,600,450
ISIC_1281398,600,450
ISIC_1281967,600,450
ISIC_1282117,600,450
ISIC_1283766,600,450
ISIC_1284470,600,450
ISIC_1285374,600,450
ISIC_1285744,600,450
ISIC_1285798,600,450
ISIC_1285909,600,450
ISIC_1285977,600,450
ISIC_1286685,600,450
ISIC_1287935,600,450
ISIC_1290781,600,450
ISIC_1291218,600,450
ISIC_1291833,600,450
ISIC_1293046,600,450
ISIC_1295245,600,450
ISIC_1298204,600,450
ISIC_1300480,600,450
ISIC_1301371,600,450
ISIC_1301817,600,450
ISIC_1302258,600,450
ISIC_1303477,600,450
ISIC_1305247,600,450
ISIC_1306180,600,450
ISIC_1307470,600,450
ISIC_1308671,600,450
ISIC_1308871,600,450
ISIC_1309001,600,450
ISIC_1309626,600,450
ISIC_1310746,600,450
ISIC_1311673,600,450
ISIC_1313208,600,450
ISIC_1315894,600,450
ISIC_1316170,600,450
ISIC_1316256,600,450
ISIC_1317686,600,450
ISIC_1318325,600,450
ISIC_1319737,600,450
ISIC_1320525,600,450
ISIC_1320739,600,450
ISIC_1322016,600,450
ISIC_1322802,600,450
ISIC_1323177,600,450
ISIC_1325383,600,450
ISIC_1325809,600,450
ISIC_1326092,600,450
ISIC_1326309,600,450
ISIC_1327102,600,450
ISIC_1327315,600,450
ISIC_1329019,600,450
ISIC_1329438,600,450
ISIC_1330625,600,450
ISIC_1330675,600,450
ISIC_1331527,600,450
ISIC_1332174,600,450
ISIC_1332797,600,450
ISIC_1334612,600,450
ISIC_1335240,600,450
ISIC_1335894,600,450
ISIC_1338257,600,450
ISIC_1338697,600,450
ISIC_1338973,600,450
ISIC_1339166,600,450
ISIC_1339797,600,450
ISIC_1341677,600,450
ISIC_1342857,600,450
ISIC_1343499,600,450
ISIC_1344355,600,450
ISIC_1344587,600,450
ISIC_1344833,600,450
ISIC_1345175,600,450
ISIC_1346199,600,450
ISIC_1346867,600,450
ISIC_1347520,600,450
ISIC_1347581,600,450
ISIC_1347975,600,450
ISIC_1348618,600,450
ISIC_1350051,600,450
ISIC_1350578,600,450
ISIC_1352448,600,450
ISIC_1353980,600,450
ISIC_1354875,600,450
ISIC_1355075,600,450
ISIC_1355713,600,450
ISIC_1357348,600,450
ISIC_1359419,600,450
ISIC_1360383,600,450
ISIC_1362408,600,450
ISIC_1362488,600,450
ISIC_1364390,600,450
ISIC_1364491,600,450
ISIC_1364908,600,450
ISIC_1364975,600,450
ISIC_1365576,600,450
ISIC_1365903,600,450
ISIC_1366649,600,450
ISIC_1367228,600,450
ISIC_1370640,600,450
ISIC_1373525,600,450
ISIC_1373637,600,450
ISIC_1374683,600,450
ISIC_1375082,600,450
ISIC_1375994,600,450
ISIC_1376355,600,450
ISIC_1376581,600,450
ISIC_1376673,600,450
ISIC_1376922,600,450
ISIC_1377073,600,450
ISIC_1379351,600,450
ISIC_1379718,600,450
ISIC_1382049,600,450
ISIC_1382648,600,450
ISIC_1384590,600,450
ISIC_1385452,600,450
ISIC_1385649,600,450
ISIC_1386079,600,450
ISIC_1386264,600,450
ISIC_1386430,600,450
ISIC_1386630,600,450
ISIC_1389612,600,450
ISIC_1390589,600,450
ISIC_1391601,600,450
ISIC_1393233,600,450
ISIC_1393721,600,450
ISIC_1395572,600,450
ISIC_1396159,600,450
ISIC_1396973,600,450
ISIC_1398132,600,450
ISIC_1398271,600,450
ISIC_1399132,600,450
ISIC_1403022,600,450
ISIC_1403739,600,450
ISIC_1405142,600,450
ISIC_1405571,600,450
ISIC_1408694,600,450
ISIC_1408695,600,450
ISIC_1409004,600,450
ISIC_1409513,600,450
ISIC_1411585,600,450
ISIC_1411639,600,450
ISIC_1412212,600,450
ISIC_1412567,600,450
ISIC_1414380,600,450
ISIC_1415038,600,450
ISIC_1416314,600,450
ISIC_1417674,600,450
ISIC_1419820,600,450
ISIC_1420747,600,450
ISIC_1420953,600,450
ISIC_1421371,600,450
ISIC_1424240,600,450
ISIC_1424339,600,450
ISIC_1424527,600,450
ISIC_1424951,600,450
ISIC_1424974,600,450
ISIC_1425517,600,450
ISIC_1427974,600,450
ISIC_1428490,600,450
ISIC_1428662,600,450
ISIC_1430231,600,450
ISIC_1430481,600,450
ISIC_1431170,600,450
ISIC_1431910,600,450
ISIC_1432182,600,450
ISIC_1432273,600,450
ISIC_1432476,600,450
ISIC_1433868,600,450
ISIC_1435330,600,450
ISIC_1435734,600,450
ISIC_1435896,600,450
ISIC_1435977,600,450
ISIC_1436009,600,450
ISIC_1441039,600,450
ISIC_1441135,600,450
ISIC_1441409,600,450
ISIC_1441997,600,450
ISIC_1442874,600,450
ISIC_1445820,600,450
ISIC_1445991,600,450
ISIC_1446269,600,450
ISIC_1446565,600,450
ISIC_1447403,600,450
ISIC_1447471,600,450
ISIC_1447974,600,450
ISIC_1448081,600,450
ISIC_1448927,600,450
ISIC_1453805,600,450
ISIC_1454751,600,450
ISIC_1455195,600,450
ISIC_1455660,600,450
ISIC_1457973,600,450
ISIC_1460132,600,450
ISIC_1460320,600,450
ISIC_1460872,600,450
ISIC_1462182,600,450
ISIC_1462492,600,450
ISIC_1462656,600,450
ISIC_1464471,600,450
ISIC_1464557,600,450
ISIC_1465068,600,450
ISIC_1465204,600,450
ISIC_1468180,600,450
ISIC_1468332,600,450
ISIC_1468532,600,450
ISIC_1471558,600,450
ISIC_1472142,600,450
ISIC_1472934,600,450
ISIC_1472958,600,450
ISIC_1473683,600,450
ISIC_1473845,600,450
ISIC_1474193,600,450
ISIC_1476780,600,450
ISIC_1476847,600,450
ISIC_1476980,600,450
ISIC_1477042,600,450
ISIC_1477798,600,450
ISIC_1479765,600,450
ISIC_1480200,600,450
ISIC_1481015,600,450
ISIC_1482437,600,450
ISIC_1482636,600,450
ISIC_1482756,600,450
ISIC_1484276,600,450
ISIC_1484722,600,450
ISIC_1485174,600,450
ISIC_1485788,600,450
ISIC_1487636,600,450
ISIC_1490894,600,450
ISIC_1490956,600,450
ISIC_1491798,600,450
ISIC_1492266,600,450
ISIC_1492834,600,450
ISIC_1492844,600,450
ISIC_1494360,600,450
ISIC_1494890,600,450
ISIC_1495576,600,450
ISIC_1496714,600,450
ISIC_1496736,600,450
ISIC_1498519,600,450
ISIC_1498924,600,450
ISIC_1499717,600,450
ISIC_1500076,600,450
ISIC_1500894,600,450
ISIC_1501988,600,450
ISIC_1502467,600,450
ISIC_1502836,600,450
ISIC_1503289,600,450
ISIC_1504106,600,450
ISIC_1504731,600,450
ISIC_1504993,600,450
ISIC_1505022,600,450
ISIC_1505378,600,450
ISIC_1506683,600,450
ISIC_1508418,600,450
ISIC_1509602,600,450
ISIC_1509648,600,450
ISIC_1510512,600,450
ISIC_1512530,600,450
ISIC_1513850,600,450
ISIC_1517003,600,450
ISIC_1518748,600,450
ISIC_1520820,600,450
ISIC_1521786,600,450
ISIC_1525827,600,450
ISIC_1526527,600,450
ISIC_1528651,600,450
ISIC_1529132,600,450
ISIC_1529815,600,450
ISIC_1531730,600,450
ISIC_1532506,600,450
ISIC_1532756,600,450
ISIC_1533060,600,450
ISIC_1533241,600,450
ISIC_1534516,600,450
ISIC_1535158,600,450
ISIC_1536147,600,450
ISIC_1536379,600,450
ISIC_1536385,600,450
ISIC_1536397,600,450
ISIC_1537733,600,450
ISIC_1537765,600,450
ISIC_1537920,600,450
ISIC_1538266,600,450
ISIC_1538553,600,450
ISIC_1539068,600,450
ISIC_1541840,600,450
ISIC_1544622,600,450
ISIC_1545290,600,450
ISIC_1546433,600,450
ISIC_1547758,600,450
ISIC_1548274,600,450
ISIC_1549163,600,450
ISIC_1550198,600,450
ISIC_1552060,600,450
ISIC_1552276,600,450
ISIC_1552944,600,450
ISIC_1556154,600,450
ISIC_1556864,600,450
ISIC_1557842,600,450
ISIC_1557986,600,450
ISIC_1558061,600,450
ISIC_1559307,600,450
ISIC_1560650,600,450
ISIC_1561841,600,450
ISIC_1562789,600,450
ISIC_1564298,600,450
ISIC_1566328,600,450
ISIC_1567381,600,450
ISIC_1568395,600,450
ISIC_1568985,600,450
ISIC_1569303,600,450
ISIC_1569850,600,450
ISIC_1570827,600,450
ISIC_1571056,600,450
ISIC_1571470,600,450
ISIC_1573011,600,450
ISIC_1574997,600,450
ISIC_1575643,600,450
ISIC_1576697,600,450
ISIC_1577177,600,450
ISIC_1579405,600,450
ISIC_1580681,600,450
ISIC_1580971,600,450
ISIC_1581919,600,450
ISIC_1582241,600,450
ISIC_1583880,600,450
ISIC_1584796,600,450
ISIC_1585394,600,450
ISIC_1587160,600,450
ISIC_1587418,600,450
ISIC_1589705,600,450
ISIC_1589936,600,450
ISIC_1590931,600,450
ISIC_1591432,600,450
ISIC_1592625,600,450
ISIC_1592988,600,450
ISIC_1593018,600,450
ISIC_1593041,600,450
ISIC_1593079,600,450
ISIC_1594005,600,450
ISIC_1594200,600,450
ISIC_1594291,600,450
ISIC_1595205,600,450
ISIC_1595455,600,450
ISIC_1597370,600,450
ISIC_1597659,600,450
ISIC_1597752,600,450
ISIC_1598653,600,450
ISIC_1598694,600,450
ISIC_1598799,600,450
ISIC_1599277,600,450
ISIC_1600135,600,450
ISIC_1602215,600,450
ISIC_1602614,600,450
ISIC_1603122,600,450
ISIC_1603737,600,450
ISIC_1603958,600,450
ISIC_1604088,600,450
ISIC_1606234,600,450
ISIC_1606726,600,450
ISIC_1607224,600,450
ISIC_1607500,600,450
ISIC_1607939,600,450
ISIC_1609351,600,450
ISIC_1610084,600,450
ISIC_1610798,600,450
ISIC_1612482,600,450
ISIC_1614480,600,450
ISIC_1615543,600,450
ISIC_1616470,600,450
ISIC_1617856,600,450
ISIC_1618649,600,450
ISIC_1620077,600,450
ISIC_1621625,600,450
ISIC_1621985,600,450
ISIC_1622952,600,450
ISIC_1623104,600,450
ISIC_1623626,600,450
ISIC_1624532,600,450
ISIC_1625882,600,450
ISIC_1627498,600,450
ISIC_1630601,600,450
ISIC_1631620,600,450
ISIC_1631867,600,450
ISIC_1634592,600,450
ISIC_1635697,600,450
ISIC_1636355,600,450
ISIC_1636685,600,450
ISIC_1637550,600,450
ISIC_1639468,600,450
ISIC_1642723,600,450
ISIC_1643848,600,450
ISIC_1644500,600,450
ISIC_1644843,600,450
ISIC_1645642,600,450
ISIC_1646339,600,450
ISIC_1646416,600,450
ISIC_1647421,600,450
ISIC_1647954,600,450
ISIC_1649393,600,450
ISIC_1649481,600,450
ISIC_1649554,600,450
ISIC_1652393,600,450
ISIC_1652809,600,450
ISIC_1653372,600,450
ISIC_1653953,600,450
ISIC_1655136,600,450
ISIC_1656238,600,450
ISIC_1656295,600,450
ISIC_1656419,600,450
ISIC_1657319,600,450
ISIC_1657968,600,450
ISIC_1658137,600,450
ISIC_1658514,600,450
ISIC_1658566,600,450
ISIC_1659815,600,450
ISIC_1660154,600,450
ISIC_1660394,600,450
ISIC_1662993,600,450
ISIC_1663532,600,450
ISIC_1664514,600,450
ISIC_1665727,600,450
ISIC_1666328,600,450
ISIC_1666674,600,450
ISIC_1667014,600,450
ISIC_1668550,600,450
ISIC_1670166,600,450
ISIC_1672301,600,450
ISIC_1673396,600,450
ISIC_1675235,600,450
ISIC_1675475,600,450
ISIC_1675975,600,450
ISIC_1677408,600,450
ISIC_1679185,600,450
ISIC_1679242,600,450
ISIC_1681382,600,450
ISIC_1683911,600,450
ISIC_1683950,600,450
ISIC_1684388,600,450
ISIC_1685767,600,450
ISIC_1686930,600,450
ISIC_1688152,600,450
ISIC_1689464,600,450
ISIC_1689523,600,450
ISIC_1690729,600,450
ISIC_1692214,600,450
ISIC_1693712,600,450
ISIC_1694966,600,450
ISIC_1695711,600,450
ISIC_1698570,600,450
ISIC_1699010,600,450
ISIC_1700566,600,450
ISIC_1700723,600,450
ISIC_1700871,600,450
ISIC_1701846,600,450
ISIC_1701968,600,450
ISIC_1706772,600,450
ISIC_1707452,600,450
ISIC_1708907,600,450
ISIC_1709796,600,450
ISIC_1710948,600,450
ISIC_1711017,600,450
ISIC_1711494,600,450
ISIC_1712861,600,450
ISIC_1714056,600,450
ISIC_1714093,600,450
ISIC_1714713,600,450
ISIC_1714879,600,450
ISIC_1715773,600,450
ISIC_1716731,600,450
ISIC_1718325,600,450
ISIC_1718501,600,450
ISIC_1718630,600,450
ISIC_1718779,600,450
ISIC_1720500,600,450
ISIC_1720538,600,450
ISIC_1721377,600,450
ISIC_1721507,600,450
ISIC_1721747,600,450
ISIC_1722763,600,450
ISIC_1724838,600,450
ISIC_1727258,600,450
ISIC_1727539,600,450
ISIC_1727938,600,450
ISIC_1728615,600,450
ISIC_1729396,600,450
ISIC_1731382,600,450
ISIC_1733416,600,450
ISIC_1733540,600,450
ISIC_1734487,600,450
ISIC_1738259,600,450
ISIC_1738383,600,450
ISIC_1738482,600,450
ISIC_1739633,600,450
ISIC_1739677,600,450
ISIC_1739775,600,450
ISIC_1740662,600,450
ISIC_1740962,600,450
ISIC_1741107,600,450
ISIC_1741197,600,450
ISIC_1741453,600,450
ISIC_1741885,600,450
ISIC_1746893,600,450
ISIC_1747657,600,450
ISIC_1748084,600,450
ISIC_1749046,600,450
ISIC_1749481,600,450
ISIC_1749634,600,450
ISIC_1751483,600,450
ISIC_1751525,600,450
ISIC_1753112,600,450
ISIC_1753599,600,450
ISIC_1756486,600,450
ISIC_1756915,600,450
ISIC_1757189,600,450
ISIC_1757520,600,450
ISIC_1759311,600,450
ISIC_1761597,600,450
ISIC_1762147,600,450
ISIC_1763722,600,450
ISIC_1763947,600,450
ISIC_1764656,600,450
ISIC_1770277,600,450
ISIC_1771077,600,450
ISIC_1771078,600,450
ISIC_1772212,600,450
ISIC_1772876,600,450
ISIC_1773412,600,450
ISIC_1774371,600,450
ISIC_1775540,600,450
ISIC_1779747,600,450
ISIC_1780120,600,450
ISIC_1780213,600,450
ISIC_1784132,600,450
ISIC_1784261,600,450
ISIC_1789556,600,450
ISIC_1791571,600,450
ISIC_1792162,600,450
ISIC_1793316,600,450
ISIC_1794713,600,450
ISIC_1795097,600,450
ISIC_1796015,600,450
ISIC_1797900,600,450
ISIC_1798918,600,450
ISIC_1799338,600,450
ISIC_1799713,600,450
ISIC_1800713,600,450
ISIC_1801591,600,450
ISIC_1801884,600,450
ISIC_1803069,600,450
ISIC_1804844,600,450
ISIC_1805429,600,450
ISIC_1806373,600,450
ISIC_1806435,600,450
ISIC_1807046,600,450
ISIC_1807060,600,450
ISIC_1807722,600,450
ISIC_1808755,600,450
ISIC_1809128,600,450
ISIC_1810342,600,450
ISIC_1812439,600,450
ISIC_1813785,600,450
ISIC_1814482,600,450
ISIC_1815891,600,450
ISIC_1816373,600,450
ISIC_1816648,600,450
ISIC_1816917,600,450
ISIC_1816990,600,450
ISIC_1817453,600,450
ISIC_1817508,600,450
ISIC_1818006,600,450
ISIC_1818377,600,450
ISIC_1818416,600,450
ISIC_1820134,600,450
ISIC_1820380,600,450
ISIC_1821539,600,450
ISIC_1822355,600,450
ISIC_1823276,600,450
ISIC_1825802,600,450
ISIC_1826131,600,450
ISIC_1826258,600,450
ISIC_1826564,600,450
ISIC_1826997,600,450
ISIC_1827820,600,450
ISIC_1828118,600,450
ISIC_1828288,600,450
ISIC_1828351,600,450
ISIC_1828562,600,450
ISIC_1830722,600,450
ISIC_1830925,600,450
ISIC_1831934,600,450
ISIC_1831940,600,450
ISIC_1832093,600,450
ISIC_1832787,600,450
ISIC_1833069,600,450
ISIC_1833277,600,450
ISIC_1837879,600,450
ISIC_1840506,600,450
ISIC_1841456,600,450
ISIC_1841990,600,450
ISIC_1843036,600,450
ISIC_1843399,600,450
ISIC_1844015,600,450
ISIC_1844080,600,450
ISIC_1844525,600,450
ISIC_1844559,600,450
ISIC_1845181,600,450
ISIC_1845537,600,450
ISIC_1845748,600,450
ISIC_1845922,600,450
ISIC_1848204,600,450
ISIC_1849076,600,450
ISIC_1849199,600,450
ISIC_1850255,600,450
ISIC_1853511,600,450
ISIC_1855151,600,450
ISIC_1856136,600,450
ISIC_1858368,600,450
ISIC_1858790,600,450
ISIC_1858857,600,450
ISIC_1859149,600,450
ISIC_1859150,600,450
ISIC_1859155,600,450
ISIC_1859626,600,450
ISIC_1860202,600,450
ISIC_1860926,600,450
ISIC_1861788,600,450
ISIC_1862003,600,450
ISIC_1862304,600,450
ISIC_1862412,600,450
ISIC_1863906,600,450
ISIC_1866476,600,450
ISIC_1867477,600,450
ISIC_1868456,600,450
ISIC_1869252,600,450
ISIC_1874006,600,450
ISIC_1874410,600,450
ISIC_1877271,600,450
ISIC_1881240,600,450
ISIC_1883149,600,450
ISIC_1883913,600,450
ISIC_1884126,600,450
ISIC_1884813,600,450
ISIC_1886909,600,450
ISIC_1887239,600,450
ISIC_1887299,600,450
ISIC_1888829,600,450
ISIC_1889858,600,450
ISIC_1890330,600,450
ISIC_1890998,600,450
ISIC_1891312,600,450
ISIC_1892349,600,450
ISIC_1894495,600,450
ISIC_1894633,600,450
ISIC_1895014,600,450
ISIC_1895300,600,450
ISIC_1895471,600,450
ISIC_1895532,600,450
ISIC_1897052,600,450
ISIC_1897373,600,450
ISIC_1897411,600,450
ISIC_1897923,600,450
ISIC_1899709,600,450
ISIC_1900694,600,450
ISIC_1901212,600,450
ISIC_1901457,600,450
ISIC_1902287,600,450
ISIC_1903516,600,450
ISIC_1904660,600,450
ISIC_1904822,600,450
ISIC_1906798,600,450
ISIC_1906835,600,450
ISIC_1907325,600,450
ISIC_1907930,600,450
ISIC_1908460,600,450
ISIC_1909053,600,450
ISIC_1909122,600,450
ISIC_1909868,600,450
ISIC_1915189,600,450
ISIC_1916169,600,450
ISIC_1916171,600,450
ISIC_1916468,600,450
ISIC_1917329,600,450
ISIC_1919712,600,450
ISIC_1922750,600,450
ISIC_1923268,600,450
ISIC_1923354,600,450
ISIC_1923944,600,450
ISIC_1926542,600,450
ISIC_1926555,600,450
ISIC_1926637,600,450
ISIC_1927934,600,450
ISIC_1928560,600,450
ISIC_1929529,600,450
ISIC_1932617,600,450
ISIC_1932860,600,450
ISIC_1933691,600,450
ISIC_1934403,600,450
ISIC_1936494,600,450
ISIC_1936960,600,450
ISIC_1937581,600,450
ISIC_1938725,600,450
ISIC_1938835,600,450
ISIC_1940214,600,450
ISIC_1940714,600,450
ISIC_1942928,600,450
ISIC_1942943,600,450
ISIC_1943368,600,450
ISIC_1943932,600,450
ISIC_1947192,600,450
ISIC_1947250,600,450
ISIC_1948728,600,450
ISIC_1948930,600,450
ISIC_1949396,600,450
ISIC_1949643,600,450
ISIC_1950578,600,450
ISIC_1950997,600,450
ISIC_1951029,600,450
ISIC_1952689,600,450
ISIC_1953687,600,450
ISIC_1954444,600,450
ISIC_1954450,600,450
ISIC_1955839,600,450
ISIC_1955962,600,450
ISIC_1957687,600,450
ISIC_1958596,600,450
ISIC_1958652,600,450
ISIC_1958859,600,450
ISIC_1958975,600,450
ISIC_1959902,600,450
ISIC_1960660,600,450
ISIC_1961429,600,450
ISIC_1961823,600,450
ISIC_1962329,600,450
ISIC_1963504,600,450
ISIC_1963610,600,450
ISIC_1964200,600,450
ISIC_1966383,600,450
ISIC_1967763,600,450
ISIC_1967830,600,450
ISIC_1969306,600,450
ISIC_1970255,600,450
ISIC_1970706,600,450
ISIC_1970988,600,450
ISIC_1971219,600,450
ISIC_1972798,600,450
ISIC_1973292,600,450
ISIC_1974672,600,450
ISIC_1975493,600,450
ISIC_1977334,600,450
ISIC_1978418,600,450
ISIC_1979828,600,450
ISIC_1980584,600,450
ISIC_1982635,600,450
ISIC_1983761,600,450
ISIC_1984602,600,450
ISIC_1985350,600,450
ISIC_1986655,600,450
ISIC_1987185,600,450
ISIC_1989317,600,450
ISIC_1990181,600,450
ISIC_1990401,600,450
ISIC_1990436,600,450
ISIC_1990622,600,450
ISIC_1991989,600,450
ISIC_1992710,600,450
ISIC_1992759,600,450
ISIC_1992999,600,450
ISIC_1993005,600,450
ISIC_1994166,600,450
ISIC_1994938,600,450
ISIC_1996268,600,450
ISIC_1996485,600,450
ISIC_1997944,600,450
ISIC_1997951,600,450
ISIC_1998166,600,450
ISIC_1999040,600,450
ISIC_1999475,600,450
ISIC_1999632,600,450
ISIC_1999829,600,450
ISIC_2000821,600,450
ISIC_2001011,600,450
ISIC_2001195,600,450
ISIC_2001379,600,450
ISIC_2005096,600,450
ISIC_2005939,600,450
ISIC_2006744,600,450
ISIC_2006791,600,450
ISIC_2011159,600,450
ISIC_2011736,600,450
ISIC_2012204,600,450
ISIC_2013192,600,450
ISIC_2013889,600,450
ISIC_2014762,600,450
ISIC_2014865,600,450
ISIC_2014930,600,450
ISIC_2015391,600,450
ISIC_2015432,600,450
ISIC_2016658,600,450
ISIC_2019971,600,450
ISIC_2020122,600,450
ISIC_2020398,600,450
ISIC_2020975,600,450
ISIC_2021070,600,450
ISIC_2021937,600,450
ISIC_2022315,600,450
ISIC_2022573,600,450
ISIC_2023313,600,450
ISIC_2023729,600,450
ISIC_2024217,600,450
ISIC_2025072,600,450
ISIC_2025477,600,450
ISIC_2025971,600,450
ISIC_2026805,600,450
ISIC_2026823,600,450
ISIC_2027374,600,450
ISIC_2028614,600,450
ISIC_2029702,600,450
ISIC_2030005,600,450
ISIC_2030190,600,450
ISIC_2031105,600,450
ISIC_2031186,600,450
ISIC_2031349,600,450
ISIC_2033119,600,450
ISIC_2033309,600,450
ISIC_2035169,600,450
ISIC_2036187,600,450
ISIC_2036689,600,450
ISIC_2036804,600,450
ISIC_2036909,600,450
ISIC_2038683,600,450
ISIC_2038875,600,450
ISIC_2039556,600,450
ISIC_2040238,600,450
ISIC_2041668,600,450
ISIC_2044054,600,450
ISIC_2046323,600,450
ISIC_2048164,600,450
ISIC_2048857,600,450
ISIC_2049002,600,450
ISIC_2049806,600,450
ISIC_2052135,600,450
ISIC_2054135,600,450
ISIC_2054940,600,450
ISIC_2054960,600,450
ISIC_2055021,600,450
ISIC_2056292,600,450
ISIC_2056374,600,450
ISIC_2057570,600,450
ISIC_2059259,600,450
ISIC_2059897,600,450
ISIC_2060638,600,450
ISIC_2061756,600,450
ISIC_2062148,600,450
ISIC_2062505,600,450
ISIC_2062545,600,450
ISIC_2064223,600,450
ISIC_2068038,600,450
ISIC_2070258,600,450
ISIC_2070457,600,450
ISIC_2072027,600,450
ISIC_2075270,600,450
ISIC_2076601,600,450
ISIC_2077819,600,450
ISIC_2078396,600,450
ISIC_2078548,600,450
ISIC_2078663,600,450
ISIC_2080317,600,450
ISIC_2080755,600,450
ISIC_2083558,600,450
ISIC_2083813,600,450
ISIC_2084154,600,450
ISIC_2084190,600,450
ISIC_2084498,600,450
ISIC_2085484,600,450
ISIC_2086625,600,450
ISIC_2087207,600,450
ISIC_2087722,600,450
ISIC_2088161,600,450
ISIC_2088540,600,450
ISIC_2088803,600,450
ISIC_2089740,600,450
ISIC_2090799,600,450
ISIC_2090929,600,450
ISIC_2091010,600,450
ISIC_2091809,600,450
ISIC_2093474,600,450
ISIC_2093581,600,450
ISIC_2093906,600,450
ISIC_2094021,600,450
ISIC_2094159,600,450
ISIC_2094944,600,450
ISIC_2097701,600,450
ISIC_2098382,600,450
ISIC_2099638,600,450
ISIC_2100652,600,450
ISIC_2100757,600,450
ISIC_2100961,600,450
ISIC_2102002,600,450
ISIC_2104270,600,450
ISIC_2105399,600,450
ISIC_2106139,600,450
ISIC_2106664,600,450
ISIC_2106983,600,450
ISIC_2108278,600,450
ISIC_2110451,600,450
ISIC_2110641,600,450
ISIC_2111264,600,450
ISIC_2113163,600,450
ISIC_2114322,600,450
ISIC_2114789,600,450
ISIC_2116783,600,450
ISIC_2118149,600,450
ISIC_2118620,600,450
ISIC_2118898,600,450
ISIC_2119364,600,450
ISIC_2119936,600,450
ISIC_2120680,600,450
ISIC_2120971,600,450
ISIC_2121573,600,450
ISIC_2122406,600,450
ISIC_2122704,600,450
ISIC_2122841,600,450
ISIC_2123542,600,450
ISIC_2124339,600,450
ISIC_2126637,600,450
ISIC_2127182,600,450
ISIC_2127883,600,450
ISIC_2128019,600,450
ISIC_2128070,600,450
ISIC_2129613,600,450
ISIC_2131769,600,450
ISIC_2132224,600,450
ISIC_2132766,600,450
ISIC_2133291,600,450
ISIC_2134211,600,450
ISIC_2134793,600,450
ISIC_2137894,600,450
ISIC_2144270,600,450
ISIC_2146381,600,450
ISIC_2146757,600,450
ISIC_2148280,600,450
ISIC_2148749,600,450
ISIC_2148940,600,450
ISIC_2149064,600,450
ISIC_2149284,600,450
ISIC_2150126,600,450
ISIC_2150484,600,450
ISIC_2153011,600,450
ISIC_2153022,600,450
ISIC_2153383,600,450
ISIC_2156383,600,450
ISIC_2156824,600,450
ISIC_2160112,600,450
ISIC_2160854,600,450
ISIC_2161258,600,450
ISIC_2161394,600,450
ISIC_2162606,600,450
ISIC_2163581,600,450
ISIC_2164186,600,450
ISIC_2164257,600,450
ISIC_2164571,600,450
ISIC_2167116,600,450
ISIC_2167653,600,450
ISIC_2167765,600,450
ISIC_2168892,600,450
ISIC_2170617,600,450
ISIC_2171027,600,450
ISIC_2174727,600,450
ISIC_2175735,600,450
ISIC_2175811,600,450
ISIC_2176321,600,450
ISIC_2177016,600,450
ISIC_2178421,600,450
ISIC_2179705,600,450
ISIC_2180502,600,450
ISIC_2181342,600,450
ISIC_2181594,600,450
ISIC_2183361,600,450
ISIC_2183795,600,450
ISIC_2183840,600,450
ISIC_2184033,600,450
ISIC_2184268,600,450
ISIC_2184629,600,450
ISIC_2185560,600,450
ISIC_2187177,600,450
ISIC_2187348,600,450
ISIC_2187542,600,450
ISIC_2188105,600,450
ISIC_2188127,600,450
ISIC_2188650,600,450
ISIC_2190119,600,450
ISIC_2193524,600,450
ISIC_2194194,600,450
ISIC_2194211,600,450
ISIC_2195775,600,450
ISIC_2196622,600,450
ISIC_2199762,600,450
ISIC_2199778,600,450
ISIC_2200184,600,450
ISIC_2202352,600,450
ISIC_2202519,600,450
ISIC_2202736,600,450
ISIC_2204119,600,450
ISIC_2204145,600,450
ISIC_2205154,600,450
ISIC_2205187,600,450
ISIC_2205902,600,450
ISIC_2209183,600,450
ISIC_2211437,600,450
ISIC_2211674,600,450
ISIC_2212095,600,450
ISIC_2212859,600,450
ISIC_2212922,600,450
ISIC_2213095,600,450
ISIC_2214376,600,450
ISIC_2214683,600,450
ISIC_2214696,600,450
ISIC_2214827,600,450
ISIC_2215299,600,450
ISIC_2215472,600,450
ISIC_2215653,600,450
ISIC_2216126,600,450
ISIC_2217722,600,450
ISIC_2220505,600,450
ISIC_2221157,600,450
ISIC_2222084,600,450
ISIC_2222551,600,450
ISIC_2223344,600,450
ISIC_2224879,600,450
ISIC_2225323,600,450
ISIC_2226952,600,450
ISIC_2226996,600,450
ISIC_2228341,600,450
ISIC_2228525,600,450
ISIC_2230113,600,450
ISIC_2230159,600,450
ISIC_2231359,600,450
ISIC_2231864,600,450
ISIC_2232926,600,450
ISIC_2233726,600,450
ISIC_2233787,600,450
ISIC_2233970,600,450
ISIC_2235918,600,450
ISIC_2235964,600,450
ISIC_2236717,600,450
ISIC_2237025,600,450
ISIC_2239440,600,450
ISIC_2240330,600,450
ISIC_2240444,600,450
ISIC_2240759,600,450
ISIC_2241043,600,450
ISIC_2243897,600,450
ISIC_2244475,600,450
ISIC_2245518,600,450
ISIC_2246301,600,450
ISIC_2247564,600,450
ISIC_2248270,600,450
ISIC_2252215,600,450
ISIC_2252587,600,450
ISIC_2255098,600,450
ISIC_2258441,600,450
ISIC_2258930,600,450
ISIC_2259826,600,450
ISIC_2260553,600,450
ISIC_2260865,600,450
ISIC_2260901,600,450
ISIC_2260950,600,450
ISIC_2264421,600,450
ISIC_2266613,600,450
ISIC_2267440,600,450
ISIC_2267815,600,450
ISIC_2268118,600,450
ISIC_2271068,600,450
ISIC_2271317,600,450
ISIC_2272478,600,450
ISIC_2273572,600,450
ISIC_2273629,600,450
ISIC_2276012,600,450
ISIC_2277053,600,450
ISIC_2277641,600,450
ISIC_2278278,600,450
ISIC_2281577,600,450
ISIC_2282699,600,450
ISIC_2283574,600,450
ISIC_2283635,600,450
ISIC_2284196,600,450
ISIC_2284535,600,450
ISIC_2286311,600,450
ISIC_2288132,600,450
ISIC_2288200,600,450
ISIC_2288348,600,450
ISIC_2288726,600,450
ISIC_2288878,600,450
ISIC_2288953,600,450
ISIC_2289203,600,450
ISIC_2292844,600,450
ISIC_2293465,600,450
ISIC_2293783,600,450
ISIC_2298923,600,450
ISIC_2299814,600,450
ISIC_2301560,600,450
ISIC_2302262,600,450
ISIC_2302491,600,450
ISIC_2304241,600,450
ISIC_2304487,600,450
ISIC_2304788,600,450
ISIC_2305246,600,450
ISIC_2305541,600,450
ISIC_2306278,600,450
ISIC_2307453,600,450
ISIC_2307898,600,450
ISIC_2307999,600,450
ISIC_2308076,600,450
ISIC_2308599,600,450
ISIC_2309647,600,450
ISIC_2311853,600,450
ISIC_2311991,600,450
ISIC_2312468,600,450
ISIC_2313224,600,450
ISIC_2314639,600,450
ISIC_2314682,600,450
ISIC_2314908,600,450
ISIC_2315875,600,450
ISIC_2319242,600,450
ISIC_2320042,600,450
ISIC_2320067,600,450
ISIC_2320348,600,450
ISIC_2320596,600,450
ISIC_2320914,600,450
ISIC_2321009,600,450
ISIC_2322021,600,450
ISIC_2322494,600,450
ISIC_2323046,600,450
ISIC_2323653,600,450
ISIC_2323901,600,450
ISIC_2324630,600,450
ISIC_2324691,600,450
ISIC_2324920,600,450
ISIC_2325423,600,450
ISIC_2328093,600,450
ISIC_2328520,600,450
ISIC_2329035,600,450
ISIC_2330431,600,450
ISIC_2330723,600,450
ISIC_2332226,600,450
ISIC_2332805,600,450
ISIC_2333635,600,450
ISIC_2334810,600,450
ISIC_2334974,600,450
ISIC_2335013,600,450
ISIC_2335025,600,450
ISIC_2336223,600,450
ISIC_2336235,600,450
ISIC_2337700,600,450
ISIC_2337998,600,450
ISIC_2338396,600,450
ISIC_2338734,600,450
ISIC_2340328,600,450
ISIC_2340494,600,450
ISIC_2340822,600,450
ISIC_2340945,600,450
ISIC_2343149,600,450
ISIC_2343962,600,450
ISIC_2344703,600,450
ISIC_2345535,600,450
ISIC_2346201,600,450
ISIC_2346672,600,450
ISIC_2348044,600,450
ISIC_2348795,600,450
ISIC_2350590,600,450
ISIC_2352071,600,450
ISIC_2352288,600,450
ISIC_2353418,600,450
ISIC_2353638,600,450
ISIC_2354975,600,450
ISIC_2355114,600,450
ISIC_2357212,600,450
ISIC_2359312,600,450
ISIC_2359396,600,450
ISIC_2360770,600,450
ISIC_2361193,600,450
ISIC_2362668,600,450
ISIC_2365922,600,450
ISIC_2366596,600,450
ISIC_2368224,600,450
ISIC_2368450,600,450
ISIC_2368759,600,450
ISIC_2368856,600,450
ISIC_2370968,600,450
ISIC_2371823,600,450
ISIC_2372269,600,450
ISIC_2372341,600,450
ISIC_2372470,600,450
ISIC_2374466,600,450
ISIC_2375503,600,450
ISIC_2376778,600,450
ISIC_2376821,600,450
ISIC_2376934,600,450
ISIC_2377324,600,450
ISIC_2378355,600,450
ISIC_2378626,600,450
ISIC_2378919,600,450
ISIC_2380041,600,450
ISIC_2380836,600,450
ISIC_2383380,600,450
ISIC_2384908,600,450
ISIC_2384953,600,450
ISIC_2387540,600,450
ISIC_2388998,600,450
ISIC_2391545,600,450
ISIC_2392847,600,450
ISIC_2393561,600,450
ISIC_2395293,600,450
ISIC_2396618,600,450
ISIC_2397388,600,450
ISIC_2399021,600,450
ISIC_2400614,600,450
ISIC_2405387,600,450
ISIC_2407507,600,450
ISIC_2408893,600,450
ISIC_2409346,600,450
ISIC_2410311,600,450
ISIC_2410425,600,450
ISIC_2410902,600,450
ISIC_2412335,600,450
ISIC_2414850,600,450
ISIC_2414931,600,450
ISIC_2415100,600,450
ISIC_2415211,600,450
ISIC_2415589,600,450
ISIC_2417592,600,450
ISIC_2418437,600,450
ISIC_2418674,600,450
ISIC_2419039,600,450
ISIC_2419780,600,450
ISIC_2420699,600,450
ISIC_2422166,600,450
ISIC_2424286,600,450
ISIC_2424786,600,450
ISIC_2425477,600,450
ISIC_2425838,600,450
ISIC_2426257,600,450
ISIC_2426618,600,450
ISIC_2427256,600,450
ISIC_2427847,600,450
ISIC_2429951,600,450
ISIC_2431328,600,450
ISIC_2431538,600,450
ISIC_2432981,600,450
ISIC_2434031,600,450
ISIC_2437084,600,450
ISIC_2437960,600,450
ISIC_2439000,600,450
ISIC_2439277,600,450
ISIC_2439944,600,450
ISIC_2440553,600,450
ISIC_2440983,600,450
ISIC_2441019,600,450
ISIC_2443095,600,450
ISIC_2443273,600,450
ISIC_2443446,600,450
ISIC_2444876,600,450
ISIC_2445691,600,450
ISIC_2446716,600,450
ISIC_2446922,600,450
ISIC_2447346,600,450
ISIC_2449691,600,450
ISIC_2449826,600,450
ISIC_2451051,600,450
ISIC_2453345,600,450
ISIC_2453582,600,450
ISIC_2453811,600,450
ISIC_2454008,600,450
ISIC_2455305,600,450
ISIC_2455816,600,450
ISIC_2456679,600,450
ISIC_2457583,600,450
ISIC_2458155,600,450
ISIC_2458475,600,450
ISIC_2459161,600,450
ISIC_2459668,600,450
ISIC_2462068,600,450
ISIC_2463268,600,450
ISIC_2464882,600,450
ISIC_2464952,600,450
ISIC_2465599,600,450
ISIC_2465614,600,450
ISIC_2467349,600,450
ISIC_2467581,600,450
ISIC_2469277,600,450
ISIC_2470660,600,450
ISIC_2471655,600,450
ISIC_2471885,600,450
ISIC_2472012,600,450
ISIC_2473287,600,450
ISIC_2473856,600,450
ISIC_2475585,600,450
ISIC_2475721,600,450
ISIC_2475811,600,450
ISIC_2478957,600,450
ISIC_2481301,600,450
ISIC_2481693,600,450
ISIC_2482447,600,450
ISIC_2482765,600,450
ISIC_2484661,600,450
ISIC_2485009,600,450
ISIC_2485182,600,450
ISIC_2485685,600,450
ISIC_2488572,600,450
ISIC_2489023,600,450
ISIC_2490336,600,450
ISIC_2490728,600,450
ISIC_2492745,600,450
ISIC_2494258,600,450
ISIC_2495535,600,450
ISIC_2495960,600,450
ISIC_2496140,600,450
ISIC_2496144,600,450
ISIC_2498820,600,450
ISIC_2500263,600,450
ISIC_2501467,600,450
ISIC_2501558,600,450
ISIC_2501939,600,450
ISIC_2502243,600,450
ISIC_2504068,600,450
ISIC_2505856,600,450
ISIC_2506667,600,450
ISIC_2508300,600,450
ISIC_2508558,600,450
ISIC_2508643,600,450
ISIC_2508689,600,450
ISIC_2510819,600,450
ISIC_2511643,600,450
ISIC_2512661,600,450
ISIC_2513521,600,450
ISIC_2514435,600,450
ISIC_2514438,600,450
ISIC_2515747,600,450
ISIC_2515838,600,450
ISIC_2516006,600,450
ISIC_2517252,600,450
ISIC_2521142,600,450
ISIC_2522593,600,450
ISIC_2523004,600,450
ISIC_2524673,600,450
ISIC_2525369,600,450
ISIC_2525497,600,450
ISIC_2525661,600,450
ISIC_2526104,600,450
ISIC_2526585,600,450
ISIC_2527161,600,450
ISIC_2530103,600,450
ISIC_2531111,600,450
ISIC_2531173,600,450
ISIC_2533061,600,450
ISIC_2533190,600,450
ISIC_2533248,600,450
ISIC_2533333,600,450
ISIC_2533587,600,450
ISIC_2538384,600,450
ISIC_2538458,600,450
ISIC_2538950,600,450
ISIC_2539660,600,450
ISIC_2542134,600,450
ISIC_2543052,600,450
ISIC_2546414,600,450
ISIC_2546925,600,450
ISIC_2547869,600,450
ISIC_2548075,600,450
ISIC_2550058,600,450
ISIC_2552716,600,450
ISIC_2553729,600,450
ISIC_2553804,600,450
ISIC_2554103,600,450
ISIC_2556147,600,450
ISIC_2556688,600,450
ISIC_2556744,600,450
ISIC_2557089,600,450
ISIC_2557679,600,450
ISIC_2561308,600,450
ISIC_2561690,600,450
ISIC_2563101,600,450
ISIC_2564518,600,450
ISIC_2564687,600,450
ISIC_2565120,600,450
ISIC_2565230,600,450
ISIC_2565297,600,450
ISIC_2566720,600,450
ISIC_2567274,600,450
ISIC_2567925,600,450
ISIC_2567983,600,450
ISIC_2568976,600,450
ISIC_2569198,600,450
ISIC_2571592,600,450
ISIC_2571626,600,450
ISIC_2573194,600,450
ISIC_2577644,600,450
ISIC_2578355,600,450
ISIC_2579863,600,450
ISIC_2580507,600,450
ISIC_2580974,600,450
ISIC_2581720,600,450
ISIC_2583472,600,450
ISIC_2584689,600,450
ISIC_2585061,600,450
ISIC_2585669,600,450
ISIC_2586707,600,450
ISIC_2586728,600,450
ISIC_2588935,600,450
ISIC_2590426,600,450
ISIC_2590498,600,450
ISIC_2590790,600,450
ISIC_2591258,600,450
ISIC_2591806,600,450
ISIC_2592427,600,450
ISIC_2593023,600,450
ISIC_2593896,600,450
ISIC_2594634,600,450
ISIC_2595169,600,450
ISIC_2597603,600,450
ISIC_2598537,600,450
ISIC_2598676,600,450
ISIC_2600012,600,450
ISIC_2601363,600,450
ISIC_2601487,600,450
ISIC_2601688,600,450
ISIC_2603915,600,450
ISIC_2604430,600,450
ISIC_2604782,600,450
ISIC_2605163,600,450
ISIC_2608885,600,450
ISIC_2608904,600,450
ISIC_2611090,600,450
ISIC_2611411,600,450
ISIC_2611469,600,450
ISIC_2612910,600,450
ISIC_2613076,600,450
ISIC_2613429,600,450
ISIC_2614335,600,450
ISIC_2614337,600,450
ISIC_2614390,600,450
ISIC_2615324,600,450
ISIC_2616471,600,450
ISIC_2616510,600,450
ISIC_2617383,600,450
ISIC_2618411,600,450
ISIC_2620132,600,450
ISIC_2620875,600,450
ISIC_2621421,600,450
ISIC_2621619,600,450
ISIC_2621700,600,450
ISIC_2624256,600,450
ISIC_2625621,600,450
ISIC_2626121,600,450
ISIC_2627340,600,450
ISIC_2627411,600,450
ISIC_2628160,600,450
ISIC_2628667,600,450
ISIC_2631859,600,450
ISIC_2633032,600,450
ISIC_2633246,600,450
ISIC_2639604,600,450
ISIC_2640875,600,450
ISIC_2641217,600,450
ISIC_2641644,600,450
ISIC_2642475,600,450
ISIC_2642915,600,450
ISIC_2645316,600,450
ISIC_2645530,600,450
ISIC_2645906,600,450
ISIC_2646200,600,450
ISIC_2647192,600,450
ISIC_2648102,600,450
ISIC_2649421,600,450
ISIC_2650378,600,450
ISIC_2650547,600,450
ISIC_2651140,600,450
ISIC_2654339,600,450
ISIC_2655630,600,450
ISIC_2655730,600,450
ISIC_2657415,600,450
ISIC_2658100,600,450
ISIC_2659768,600,450
ISIC_2664046,600,450
ISIC_2665761,600,450
ISIC_2666138,600,450
ISIC_2667471,600,450
ISIC_2668215,600,450
ISIC_2668584,600,450
ISIC_2668675,600,450
ISIC_2668678,600,450
ISIC_2668760,600,450
ISIC_2669811,600,450
ISIC_2670452,600,450
ISIC_2671356,600,450
ISIC_2671519,600,450
ISIC_2673443,600,450
ISIC_2675122,600,450
ISIC_2677713,600,450
ISIC_2683683,600,450
ISIC_2683795,600,450
ISIC_2684838,600,450
ISIC_2685248,600,450
ISIC_2686432,600,450
ISIC_2687321,600,450
ISIC_2689111,600,450
ISIC_2689339,600,450
ISIC_2689375,600,450
ISIC_2689544,600,450
ISIC_2695360,600,450
ISIC_2695703,600,450
ISIC_2696043,600,450
ISIC_2696566,600,450
ISIC_2698174,600,450
ISIC_2700220,600,450
ISIC_2700916,600,450
ISIC_2701902,600,450
ISIC_2701980,600,450
ISIC_2702984,600,450
ISIC_2704222,600,450
ISIC_2704661,600,450
ISIC_2704901,600,450
ISIC_2705888,600,450
ISIC_2706078,600,450
ISIC_2706513,600,450
ISIC_2708075,600,450
ISIC_2708483,600,450
ISIC_2709383,600,450
ISIC_2710214,600,450
ISIC_2710427,600,450
ISIC_2711142,600,450
ISIC_2712633,600,450
ISIC_2712947,600,450
ISIC_2713587,600,450
ISIC_2714655,600,450
ISIC_2716264,600,450
ISIC_2716370,600,450
ISIC_2716900,600,450
ISIC_2718301,600,450
ISIC_2721277,600,450
ISIC_2721569,600,450
ISIC_2722338,600,450
ISIC_2724480,600,450
ISIC_2725046,600,450
ISIC_2726721,600,450
ISIC_2729094,600,450
ISIC_2729538,600,450
ISIC_2730868,600,450
ISIC_2731321,600,450
ISIC_2731701,600,450
ISIC_2733086,600,450
ISIC_2733266,600,450
ISIC_2733454,600,450
ISIC_2734876,600,450
ISIC_2735511,600,450
ISIC_2735653,600,450
ISIC_2736195,600,450
ISIC_2736440,600,450
ISIC_2738904,600,450
ISIC_2738967,600,450
ISIC_2740122,600,450
ISIC_2740604,600,450
ISIC_2741027,600,450
ISIC_2741156,600,450
ISIC_2744921,600,450
ISIC_2744993,600,450
ISIC_2745537,600,450
ISIC_2745631,600,450
ISIC_2747022,600,450
ISIC_2747596,600,450
ISIC_2747605,600,450
ISIC_2748624,600,450
ISIC_2749853,600,450
ISIC_2750525,600,450
ISIC_2751556,600,450
ISIC_2752768,600,450
ISIC_2752952,600,450
ISIC_2753361,600,450
ISIC_2753382,600,450
ISIC_2754763,600,450
ISIC_2754845,600,450
ISIC_2755460,600,450
ISIC_2755934,600,450
ISIC_2756327,600,450
ISIC_2756867,600,450
ISIC_2758033,600,450
ISIC_2758349,600,450
ISIC_2759533,600,450
ISIC_2760612,600,450
ISIC_2762745,600,450
ISIC_2763588,600,450
ISIC_2764511,600,450
ISIC_2765997,600,450
ISIC_2766210,600,450
ISIC_2767026,600,450
ISIC_2768555,600,450
ISIC_2768681,600,450
ISIC_2769033,600,450
ISIC_2770352,600,450
ISIC_2770547,600,450
ISIC_2770868,600,450
ISIC_2771215,600,450
ISIC_2772004,600,450
ISIC_2772400,600,450
ISIC_2772998,600,450
ISIC_2774941,600,450
ISIC_2775534,600,450
ISIC_2775686,600,450
ISIC_2777762,600,450
ISIC_2778083,600,450
ISIC_2779297,600,450
ISIC_2781687,600,450
ISIC_2783831,600,450
ISIC_2784330,600,450
ISIC_2785273,600,450
ISIC_2786202,600,450
ISIC_2787372,600,450
ISIC_2788480,600,450
ISIC_2790154,600,450
ISIC_2791059,600,450
ISIC_2793180,600,450
ISIC_2794417,600,450
ISIC_2794614,600,450
ISIC_2795308,600,450
ISIC_2796590,600,450
ISIC_2796878,600,450
ISIC_2799124,600,450
ISIC_2799788,600,450
ISIC_2800738,600,450
ISIC_2801800,600,450
ISIC_2802992,600,450
ISIC_2803954,600,450
ISIC_2804242,600,450
ISIC_2806062,600,450
ISIC_2808502,600,450
ISIC_2809795,600,450
ISIC_2811259,600,450
ISIC_2812513,600,450
ISIC_2817890,600,450
ISIC_2818418,600,450
ISIC_2818434,600,450
ISIC_2821063,600,450
ISIC_2822341,600,450
ISIC_2822468,600,450
ISIC_2823934,600,450
ISIC_2824759,600,450
ISIC_2825735,600,450
ISIC_2826779,600,450
ISIC_2826846,600,450
ISIC_2827093,600,450
ISIC_2827872,600,450
ISIC_2827957,600,450
ISIC_2828400,600,450
ISIC_2832798,600,450
ISIC_2832853,600,450
ISIC_2833179,600,450
ISIC_2833803,600,450
ISIC_2834466,600,450
ISIC_2835239,600,450
ISIC_2835261,600,450
ISIC_2837403,600,450
ISIC_2838288,600,450
ISIC_2839422,600,450
ISIC_2839614,600,450
ISIC_2840695,600,450
ISIC_2841434,600,450
ISIC_2842565,600,450
ISIC_2843665,600,450
ISIC_2845349,600,450
ISIC_2845706,600,450
ISIC_2846004,600,450
ISIC_2846074,600,450
ISIC_2846120,600,450
ISIC_2846167,600,450
ISIC_2846740,600,450
ISIC_2847750,600,450
ISIC_2848199,600,450
ISIC_2848487,600,450
ISIC_2851104,600,450
ISIC_2851725,600,450
ISIC_2852852,600,450
ISIC_2854469,600,450
ISIC_2855242,600,450
ISIC_2855373,600,450
ISIC_2855847,600,450
ISIC_2857248,600,450
ISIC_2861255,600,450
ISIC_2861892,600,450
ISIC_2864613,600,450
ISIC_2866672,600,450
ISIC_2866719,600,450
ISIC_2867998,600,450
ISIC_2868713,600,450
ISIC_2868801,600,450
ISIC_2868896,600,450
ISIC_2869457,600,450
ISIC_2869678,600,450
ISIC_2869987,600,450
ISIC_2870164,600,450
ISIC_2872052,600,450
ISIC_2873444,600,450
ISIC_2873569,600,450
ISIC_2873988,600,450
ISIC_2874145,600,450
ISIC_2876063,600,450
ISIC_2877008,600,450
ISIC_2877235,600,450
ISIC_2877846,600,450
ISIC_2878962,600,450
ISIC_2879057,600,450
ISIC_2880667,600,450
ISIC_2882147,600,450
ISIC_2883712,600,450
ISIC_2883948,600,450
ISIC_2886088,600,450
ISIC_2886495,600,450
ISIC_2887419,600,450
ISIC_2888616,600,450
ISIC_2889500,600,450
ISIC_2891101,600,450
ISIC_2891509,600,450
ISIC_2891524,600,450
ISIC_2891584,600,450
ISIC_2891861,600,450
ISIC_2892335,600,450
ISIC_2893311,600,450
ISIC_2894216,600,450
ISIC_2895427,600,450
ISIC_2896896,600,450
ISIC_2897284,600,450
ISIC_2897696,600,450
ISIC_2900527,600,450
ISIC_2900622,600,450
ISIC_2900811,600,450
ISIC_2902367,600,450
ISIC_2903716,600,450
ISIC_2903873,600,450
ISIC_2903895,600,450
ISIC_2905836,600,450
ISIC_2906273,600,450
ISIC_2906597,600,450
ISIC_2907125,600,450
ISIC_2907780,600,450
ISIC_2909896,600,450
ISIC_2911472,600,450
ISIC_2911796,600,450
ISIC_2912041,600,450
ISIC_2913187,600,450
ISIC_2914456,600,450
ISIC_2915213,600,450
ISIC_2915605,600,450
ISIC_2916022,600,450
ISIC_2917647,600,450
ISIC_2918081,600,450
ISIC_2919752,600,450
ISIC_2920020,600,450
ISIC_2920382,600,450
ISIC_2921012,600,450
ISIC_2921430,600,450
ISIC_2923050,600,450
ISIC_2923957,600,450
ISIC_2925612,600,450
ISIC_2925746,600,450
ISIC_2926418,600,450
ISIC_2926621,600,450
ISIC_2926847,600,450
ISIC_2927179,600,450
ISIC_2928924,600,450
ISIC_2930366,600,450
ISIC_2930478,600,450
ISIC_2931409,600,450
ISIC_2935903,600,450
ISIC_2936914,600,450
ISIC_2938744,600,450
ISIC_2941016,600,450
ISIC_2944495,600,450
ISIC_2944503,600,450
ISIC_2944762,600,450
ISIC_2945370,600,450
ISIC_2948051,600,450
ISIC_2949444,600,450
ISIC_2950662,600,450
ISIC_2950781,600,450
ISIC_2952159,600,450
ISIC_2952204,600,450
ISIC_2952786,600,450
ISIC_2953977,600,450
ISIC_2956586,600,450
ISIC_2956882,600,450
ISIC_2957330,600,450
ISIC_2958443,600,450
ISIC_2959395,600,450
ISIC_2959823,600,450
ISIC_2961262,600,450
ISIC_2961437,600,450
ISIC_2962014,600,450
ISIC_2963084,600,450
ISIC_2963181,600,450
ISIC_2964078,600,450
ISIC_2964593,600,450
ISIC_2965800,600,450
ISIC_2968192,600,450
ISIC_2968300,600,450
ISIC_2970872,600,450
ISIC_2970971,600,450
ISIC_2972264,600,450
ISIC_2972596,600,450
ISIC_2973033,600,450
ISIC_2973118,600,450
ISIC_2973605,600,450
ISIC_2973607,600,450
ISIC_2974995,600,450
ISIC_2975261,600,450
ISIC_2976358,600,450
ISIC_2977377,600,450
ISIC_2977779,600,450
ISIC_2977955,600,450
ISIC_2977980,600,450
ISIC_2978483,600,450
ISIC_2983004,600,450
ISIC_2984850,600,450
ISIC_2987179,600,450
ISIC_2987655,600,450
ISIC_2987893,600,450
ISIC_2988309,600,450
ISIC_2989365,600,450
ISIC_2990629,600,450
ISIC_2991167,600,450
ISIC_2992927,600,450
ISIC_2993047,600,450
ISIC_2993083,600,450
ISIC_2993511,600,450
ISIC_2994689,600,450
ISIC_2994885,600,450
ISIC_2995621,600,450
ISIC_2996665,600,450
ISIC_2996843,600,450
ISIC_2997062,600,450
ISIC_2998511,600,450
ISIC_2998536,600,450
ISIC_2999230,600,450
ISIC_2999384,600,450
ISIC_3002045,600,450
ISIC_3002615,600,450
ISIC_3003010,600,450
ISIC_3003493,600,450
ISIC_3003648,600,450
ISIC_3004699,600,450
ISIC_3004974,600,450
ISIC_3005181,600,450
ISIC_3006692,600,450
ISIC_3009842,600,450
ISIC_3011551,600,450
ISIC_3011830,600,450
ISIC_3012180,600,450
ISIC_3013323,600,450
ISIC_3014783,600,450
ISIC_3014842,600,450
ISIC_3015060,600,450
ISIC_3015606,600,450
ISIC_3018802,600,450
ISIC_3020708,600,450
ISIC_3020882,600,450
ISIC_3021033,600,450
ISIC_3022005,600,450
ISIC_3022090,600,450
ISIC_3022261,600,450
ISIC_3023055,600,450
ISIC_3023198,600,450
ISIC_3023437,600,450
ISIC_3023607,600,450
ISIC_3024107,600,450
ISIC_3024690,600,450
ISIC_3025142,600,450
ISIC_3025966,600,450
ISIC_3027737,600,450
ISIC_3028893,600,450
ISIC_3032522,600,450
ISIC_3032936,600,450
ISIC_3032983,600,450
ISIC_3033593,600,450
ISIC_3033732,600,450
ISIC_3034326,600,450
ISIC_3034439,600,450
ISIC_3034620,600,450
ISIC_3036641,600,450
ISIC_3037508,600,450
ISIC_3037740,600,450
ISIC_3039458,600,450
ISIC_3039673,600,450
ISIC_3039744,600,450
ISIC_3040289,600,450
ISIC_3042149,600,450
ISIC_3042275,600,450
ISIC_3042456,600,450
ISIC_3043432,600,450
ISIC_3044377,600,450
ISIC_3045023,600,450
ISIC_3045344,600,450
ISIC_3045387,600,450
ISIC_3045477,600,450
ISIC_3045480,600,450
ISIC_3046799,600,450
ISIC_3047578,600,450
ISIC_3048228,600,450
ISIC_3049767,600,450
ISIC_3050024,600,450
ISIC_3050113,600,450
ISIC_3050416,600,450
ISIC_3050487,600,450
ISIC_3050521,600,450
ISIC_3053495,600,450
ISIC_3053943,600,450
ISIC_3055420,600,450
ISIC_3057442,600,450
ISIC_3057675,600,450
ISIC_3059704,600,450
ISIC_3061267,600,450
ISIC_3062370,600,450
ISIC_3063587,600,450
ISIC_3063817,600,450
ISIC_3064112,600,450
ISIC_3066491,600,450
ISIC_3067376,600,450
ISIC_3069767,600,450
ISIC_3070466,600,450
ISIC_3070709,600,450
ISIC_3072008,600,450
ISIC_3072729,600,450
ISIC_3072984,600,450
ISIC_3073821,600,450
ISIC_3078783,600,450
ISIC_3080695,600,450
ISIC_3082193,600,450
ISIC_3082676,600,450
ISIC_3083384,600,450
ISIC_3083566,600,450
ISIC_3085336,600,450
ISIC_3085694,600,450
ISIC_3088033,600,450
ISIC_3088055,600,450
ISIC_3088358,600,450
ISIC_3090517,600,450
ISIC_3091817,600,450
ISIC_3092576,600,450
ISIC_3093760,600,450
ISIC_3094215,600,450
ISIC_3094384,600,450
ISIC_3094600,600,450
ISIC_3095773,600,450
ISIC_3097252,600,450
ISIC_3100024,600,450
ISIC_3100261,600,450
ISIC_3100293,600,450
ISIC_3101169,600,450
ISIC_3102604,600,450
ISIC_3102873,600,450
ISIC_3103579,600,450
ISIC_3103756,600,450
ISIC_3105211,600,450
ISIC_3105418,600,450
ISIC_3111434,600,450
ISIC_3113033,600,450
ISIC_3114974,600,450
ISIC_3115412,600,450
ISIC_3117423,600,450
ISIC_3118860,600,450
ISIC_3119815,600,450
ISIC_3120412,600,450
ISIC_3122081,600,450
ISIC_3122147,600,450
ISIC_3125449,600,450
ISIC_3127556,600,450
ISIC_3127974,600,450
ISIC_3129117,600,450
ISIC_3129795,600,450
ISIC_3132743,600,450
ISIC_3138874,600,450
ISIC_3140203,600,450
ISIC_3140817,600,450
ISIC_3141018,600,450
ISIC_3142156,600,450
ISIC_3145046,600,450
ISIC_3147082,600,450
ISIC_3148432,600,450
ISIC_3148471,600,450
ISIC_3151108,600,450
ISIC_3152857,600,450
ISIC_3154934,600,450
ISIC_3155654,600,450
ISIC_3156175,600,450
ISIC_3157648,600,450
ISIC_3157761,600,450
ISIC_3158315,600,450
ISIC_3159028,600,450
ISIC_3159699,600,450
ISIC_3159993,600,450
ISIC_3160675,600,450
ISIC_3162480,600,450
ISIC_3162488,600,450
ISIC_3162836,600,450
ISIC_3163093,600,450
ISIC_3164080,600,450
ISIC_3164108,600,450
ISIC_3166154,600,450
ISIC_3167280,600,450
ISIC_3167917,600,450
ISIC_3168018,600,450
ISIC_3168049,600,450
ISIC_3171197,600,450
ISIC_3173642,600,450
ISIC_3175404,600,450
ISIC_3175480,600,450
ISIC_3175640,600,450
ISIC_3175755,600,450
ISIC_3177059,600,450
ISIC_3178739,600,450
ISIC_3178939,600,450
ISIC_3178945,600,450
ISIC_3179593,600,450
ISIC_3180901,600,450
ISIC_3181599,600,450
ISIC_3183046,600,450
ISIC_3183514,600,450
ISIC_3184644,600,450
ISIC_3184893,600,450
ISIC_3185277,600,450
ISIC_3185613,600,450
ISIC_3187803,600,450
ISIC_3187907,600,450
ISIC_3188102,600,450
ISIC_3189171,600,450
ISIC_3190111,600,450
ISIC_3191236,600,450
ISIC_3191687,600,450
ISIC_3192193,600,450
ISIC_3193023,600,450
ISIC_3194532,600,450
ISIC_3195835,600,450
ISIC_3197211,600,450
ISIC_3197377,600,450
ISIC_3197379,600,450
ISIC_3198901,600,450
ISIC_3199091,600,450
ISIC_3201153,600,450
ISIC_3201692,600,450
ISIC_3202131,600,450
ISIC_3203799,600,450
ISIC_3203845,600,450
ISIC_3204093,600,450
ISIC_3204703,600,450
ISIC_3206478,600,450
ISIC_3208305,600,450
ISIC_3208971,600,450
ISIC_3209100,600,450
ISIC_3209508,600,450
ISIC_3210379,600,450
ISIC_3210975,600,450
ISIC_3211369,600,450
ISIC_3211851,600,450
ISIC_3211877,600,450
ISIC_3213706,600,450
ISIC_3215995,600,450
ISIC_3217005,600,450
ISIC_3217731,600,450
ISIC_3217799,600,450
ISIC_3220453,600,450
ISIC_3220827,600,450
ISIC_3223440,600,450
ISIC_3224359,600,450
ISIC_3225420,600,450
ISIC_3225587,600,450
ISIC_3228433,600,450
ISIC_3229589,600,450
ISIC_3231371,600,450
ISIC_3233781,600,450
ISIC_3234625,600,450
ISIC_3235167,600,450
ISIC_3235332,600,450
ISIC_3236056,600,450
ISIC_3237026,600,450
ISIC_3237120,600,450
ISIC_3242637,600,450
ISIC_3243335,600,450
ISIC_3244506,600,450
ISIC_3247057,600,450
ISIC_3248418,600,450
ISIC_3248460,600,450
ISIC_3250445,600,450
ISIC_3250692,600,450
ISIC_3251194,600,450
ISIC_3251490,600,450
ISIC_3251714,600,450
ISIC_3252559,600,450
ISIC_3252878,600,450
ISIC_3253665,600,450
ISIC_3255507,600,450
ISIC_3256836,600,450
ISIC_3258327,600,450
ISIC_3259414,600,450
ISIC_3259871,600,450
ISIC_3261040,600,450
ISIC_3261212,600,450
ISIC_3262566,600,450
ISIC_3262933,600,450
ISIC_3265547,600,450
ISIC_3265655,600,450
ISIC_3265817,600,450
ISIC_3265828,600,450
ISIC_3266019,600,450
ISIC_3267303,600,450
ISIC_3267363,600,450
ISIC_3268800,600,450
ISIC_3269390,600,450
ISIC_3269995,600,450
ISIC_3272276,600,450
ISIC_3273623,600,450
ISIC_3273746,600,450
ISIC_3275271,600,450
ISIC_3275406,600,450
ISIC_3277305,600,450
ISIC_3277520,600,450
ISIC_3277541,600,450
ISIC_3278222,600,450
ISIC_3280000,600,450
ISIC_3281875,600,450
ISIC_3284065,600,450
ISIC_3284822,600,450
ISIC_3284879,600,450
ISIC_3287000,600,450
ISIC_3288032,600,450
ISIC_3288726,600,450
ISIC_3289736,600,450
ISIC_3290113,600,450
ISIC_3290988,600,450
ISIC_3295711,600,450
ISIC_3297304,600,450
ISIC_3298166,600,450
ISIC_3298684,600,450
ISIC_3298721,600,450
ISIC_3298769,600,450
ISIC_3300164,600,450
ISIC_3301517,600,450
ISIC_3302093,600,450
ISIC_3302174,600,450
ISIC_3302562,600,450
ISIC_3302639,600,450
ISIC_3302986,600,450
ISIC_3303065,600,450
ISIC_3303508,600,450
ISIC_3303900,600,450
ISIC_3304492,600,450
ISIC_3304699,600,450
ISIC_3305380,600,450
ISIC_3305736,600,450
ISIC_3306172,600,450
ISIC_3306550,600,450
ISIC_3307206,600,450
ISIC_3307579,600,450
ISIC_3308043,600,450
ISIC_3308945,600,450
ISIC_3309783,600,450
ISIC_3310439,600,450
ISIC_3312614,600,450
ISIC_3312778,600,450
ISIC_3313109,600,450
ISIC_3313166,600,450
ISIC_3316082,600,450
ISIC_3317235,600,450
ISIC_3317643,600,450
ISIC_3317755,600,450
ISIC_3318295,600,450
ISIC_3318403,600,450
ISIC_3318576,600,450
ISIC_3320667,600,450
ISIC_3322515,600,450
ISIC_3323980,600,450
ISIC_3326999,600,450
ISIC_3327085,600,450
ISIC_3327886,600,450
ISIC_3327928,600,450
ISIC_3327943,600,450
ISIC_3328177,600,450
ISIC_3328629,600,450
ISIC_3329063,600,450
ISIC_3331148,600,450
ISIC_3331894,600,450
ISIC_3331939,600,450
ISIC_3334508,600,450
ISIC_3334573,600,450
ISIC_3334868,600,450
ISIC_3336579,600,450
ISIC_3336886,600,450
ISIC_3336908,600,450
ISIC_3337707,600,450
ISIC_3338902,600,450
ISIC_3340382,600,450
ISIC_3341226,600,450
ISIC_3341232,600,450
ISIC_3341530,600,450
ISIC_3343720,600,450
ISIC_3343865,600,450
ISIC_3344295,600,450
ISIC_3344319,600,450
ISIC_3345386,600,450
ISIC_3346679,600,450
ISIC_3347493,600,450
ISIC_3349058,600,450
ISIC_3349986,600,450
ISIC_3352589,600,450
ISIC_3354653,600,450
ISIC_3355310,600,450
ISIC_3356311,600,450
ISIC_3356573,600,450
ISIC_3357525,600,450
ISIC_3357576,600,450
ISIC_3357733,600,450
ISIC_3359951,600,450
ISIC_3360186,600,450
ISIC_3360235,600,450
ISIC_3361208,600,450
ISIC_3361791,600,450
ISIC_3362091,600,450
ISIC_3362890,600,450
ISIC_3364269,600,450
ISIC_3365241,600,450
ISIC_3365437,600,450
ISIC_3366370,600,450
ISIC_3368184,600,450
ISIC_3368269,600,450
ISIC_3368991,600,450
ISIC_3369429,600,450
ISIC_3369700,600,450
ISIC_3370385,600,450
ISIC_3371218,600,450
ISIC_3372353,600,450
ISIC_3372650,600,450
ISIC_3374597,600,450
ISIC_3375059,600,450
ISIC_3379605,600,450
ISIC_3384621,600,450
ISIC_3386852,600,450
ISIC_3388002,600,450
ISIC_3389727,600,450
ISIC_3389976,600,450
ISIC_3392380,600,450
ISIC_3392397,600,450
ISIC_3394938,600,450
ISIC_3395616,600,450
ISIC_3395847,600,450
ISIC_3396463,600,450
ISIC_3396860,600,450
ISIC_3397320,600,450
ISIC_3397720,600,450
ISIC_3399647,600,450
ISIC_3401124,600,450
ISIC_3401455,600,450
ISIC_3405243,600,450
ISIC_3408569,600,450
ISIC_3408726,600,450
ISIC_3408779,600,450
ISIC_3410251,600,450
ISIC_3411624,600,450
ISIC_3412303,600,450
ISIC_3414486,600,450
ISIC_3416227,600,450
ISIC_3418096,600,450
ISIC_3418246,600,450
ISIC_3418625,600,450
ISIC_3420179,600,450
ISIC_3420236,600,450
ISIC_3420711,600,450
ISIC_3420842,600,450
ISIC_3422780,600,450
ISIC_3425683,600,450
ISIC_3427526,600,450
ISIC_3427742,600,450
ISIC_3428379,600,450
ISIC_3428455,600,450
ISIC_3428486,600,450
ISIC_3428806,600,450
ISIC_3429549,600,450
ISIC_3430375,600,450
ISIC_3430609,600,450
ISIC_3430932,600,450
ISIC_3431348,600,450
ISIC_3431588,600,450
ISIC_3431903,600,450
ISIC_3431989,600,450
ISIC_3432012,600,450
ISIC_3432469,600,450
ISIC_3433968,600,450
ISIC_3434316,600,450
ISIC_3436668,600,450
ISIC_3436899,600,450
ISIC_3439130,600,450
ISIC_3439175,600,450
ISIC_3441354,600,450
ISIC_3442516,600,450
ISIC_3442836,600,450
ISIC_3444223,600,450
ISIC_3445025,600,450
ISIC_3445145,600,450
ISIC_3445231,600,450
ISIC_3446046,600,450
ISIC_3446517,600,450
ISIC_3447417,600,450
ISIC_3447732,600,450
ISIC_3451684,600,450
ISIC_3454940,600,450
ISIC_3455310,600,450
ISIC_3456765,600,450
ISIC_3456998,600,450
ISIC_3457455,600,450
ISIC_3459198,600,450
ISIC_3460141,600,450
ISIC_3460349,600,450
ISIC_3461504,600,450
ISIC_3462090,600,450
ISIC_3462970,600,450
ISIC_3464724,600,450
ISIC_3466390,600,450
ISIC_3466904,600,450
ISIC_3467950,600,450
ISIC_3468250,600,450
ISIC_3468757,600,450
ISIC_3469093,600,450
ISIC_3469837,600,450
ISIC_3472228,600,450
ISIC_3472289,600,450
ISIC_3473807,600,450
ISIC_3475592,600,450
ISIC_3475953,600,450
ISIC_3477325,600,450
ISIC_3477335,600,450
ISIC_3479083,600,450
ISIC_3480084,600,450
ISIC_3480499,600,450
ISIC_3480611,600,450
ISIC_3482213,600,450
ISIC_3482891,600,450
ISIC_3483103,600,450
ISIC_3483575,600,450
ISIC_3483843,600,450
ISIC_3485059,600,450
ISIC_3485522,600,450
ISIC_3486312,600,450
ISIC_3487034,600,450
ISIC_3488397,600,450
ISIC_3489676,600,450
ISIC_3489797,600,450
ISIC_3490874,600,450
ISIC_3491198,600,450
ISIC_3491804,600,450
ISIC_3494647,600,450
ISIC_3494719,600,450
ISIC_3496072,600,450
ISIC_3496143,600,450
ISIC_3497836,600,450
ISIC_3500227,600,450
ISIC_3500691,600,450
ISIC_3501503,600,450
ISIC_3503700,600,450
ISIC_3503789,600,450
ISIC_3504270,600,450
ISIC_3505887,600,450
ISIC_3507270,600,450
ISIC_3507614,600,450
ISIC_3508395,600,450
ISIC_3508606,600,450
ISIC_3508744,600,450
ISIC_3510532,600,450
ISIC_3511086,600,450
ISIC_3513521,600,450
ISIC_3513821,600,450
ISIC_3515169,600,450
ISIC_3515780,600,450
ISIC_3515789,600,450
ISIC_3518193,600,450
ISIC_3518720,600,450
ISIC_3518967,600,450
ISIC_3519677,600,450
ISIC_3520227,600,450
ISIC_3521430,600,450
ISIC_3522468,600,450
ISIC_3524883,600,450
ISIC_3525463,600,450
ISIC_3526427,600,450
ISIC_3526708,600,450
ISIC_3527498,600,450
ISIC_3528840,600,450
ISIC_3530269,600,450
ISIC_3531459,600,450
ISIC_3532225,600,450
ISIC_3532575,600,450
ISIC_3535393,600,450
ISIC_3535882,600,450
ISIC_3536529,600,450
ISIC_3537131,600,450
ISIC_3538568,600,450
ISIC_3539413,600,450
ISIC_3539669,600,450
ISIC_3539795,600,450
ISIC_3540017,600,450
ISIC_3540431,600,450
ISIC_3540482,600,450
ISIC_3542359,600,450
ISIC_3543603,600,450
ISIC_3545489,600,450
ISIC_3545744,600,450
ISIC_3547942,600,450
ISIC_3548384,600,450
ISIC_3548770,600,450
ISIC_3553184,600,450
ISIC_3553315,600,450
ISIC_3553323,600,450
ISIC_3555396,600,450
ISIC_3558339,600,450
ISIC_3560001,600,450
ISIC_3560179,600,450
ISIC_3562485,600,450
ISIC_3563806,600,450
ISIC_3564212,600,450
ISIC_3564428,600,450
ISIC_3566394,600,450
ISIC_3567091,600,450
ISIC_3567360,600,450
ISIC_3567810,600,450
ISIC_3568310,600,450
ISIC_3569610,600,450
ISIC_3570541,600,450
ISIC_3573102,600,450
ISIC_3573447,600,450
ISIC_3573709,600,450
ISIC_3574989,600,450
ISIC_3577401,600,450
ISIC_3577478,600,450
ISIC_3578286,600,450
ISIC_3578842,600,450
ISIC_3581058,600,450
ISIC_3581694,600,450
ISIC_3584546,600,450
ISIC_3584809,600,450
ISIC_3585425,600,450
ISIC_3585759,600,450
ISIC_3587587,600,450
ISIC_3587674,600,450
ISIC_3587898,600,450
ISIC_3589220,600,450
ISIC_3589795,600,450
ISIC_3590185,600,450
ISIC_3590619,600,450
ISIC_3591898,600,450
ISIC_3593419,600,450
ISIC_3594514,600,450
ISIC_3594638,600,450
ISIC_3595631,600,450
ISIC_3595673,600,450
ISIC_3596200,600,450
ISIC_3596524,600,450
ISIC_3597945,600,450
ISIC_3599295,600,450
ISIC_3599799,600,450
ISIC_3601357,600,450
ISIC_3601726,600,450
ISIC_3601752,600,450
ISIC_3602145,600,450
ISIC_3603310,600,450
ISIC_3606192,600,450
ISIC_3609001,600,450
ISIC_3610123,600,450
ISIC_3610158,600,450
ISIC_3612044,600,450
ISIC_3613098,600,450
ISIC_3613928,600,450
ISIC_3614265,600,450
ISIC_3614372,600,450
ISIC_3617005,600,450
ISIC_3619795,600,450
ISIC_3620839,600,450
ISIC_3623141,600,450
ISIC_3624913,600,450
ISIC_3625335,600,450
ISIC_3626191,600,450
ISIC_3627147,600,450
ISIC_3627294,600,450
ISIC_3627368,600,450
ISIC_3627672,600,450
ISIC_3628532,600,450
ISIC_3628920,600,450
ISIC_3629047,600,450
ISIC_3631183,600,450
ISIC_3631653,600,450
ISIC_3632192,600,450
ISIC_3633147,600,450
ISIC_3634737,600,450
ISIC_3636477,600,450
ISIC_3636953,600,450
ISIC_3636991,600,450
ISIC_3637593,600,450
ISIC_3638194,600,450
ISIC_3639193,600,450
ISIC_3640695,600,450
ISIC_3642409,600,450
ISIC_3642584,600,450
ISIC_3642704,600,450
ISIC_3643046,600,450
ISIC_3644082,600,450
ISIC_3644112,600,450
ISIC_3644578,600,450
ISIC_3645026,600,450
ISIC_3646755,600,450
ISIC_3651770,600,450
ISIC_3652498,600,450
ISIC_3653173,600,450
ISIC_3654837,600,450
ISIC_3656292,600,450
ISIC_3657842,600,450
ISIC_3658597,600,450
ISIC_3658823,600,450
ISIC_3659324,600,450
ISIC_3661021,600,450
ISIC_3661670,600,450
ISIC_3663283,600,450
ISIC_3665449,600,450
ISIC_3666002,600,450
ISIC_3666907,600,450
ISIC_3667052,600,450
ISIC_3668445,600,450
ISIC_3668509,600,450
ISIC_3669176,600,450
ISIC_3669322,600,450
ISIC_3670069,600,450
ISIC_3672274,600,450
ISIC_3672764,600,450
ISIC_3672834,600,450
ISIC_3672849,600,450
ISIC_3673744,600,450
ISIC_3673916,600,450
ISIC_3675396,600,450
ISIC_3675883,600,450
ISIC_3676018,600,450
ISIC_3676848,600,450
ISIC_3678654,600,450
ISIC_3679455,600,450
ISIC_3683640,600,450
ISIC_3685267,600,450
ISIC_3685271,600,450
ISIC_3687721,600,450
ISIC_3688627,600,450
ISIC_3688805,600,450
ISIC_3689085,600,450
ISIC_3689711,600,450
ISIC_3690079,600,450
ISIC_3691801,600,450
ISIC_3693749,600,450
ISIC_3694172,600,450
ISIC_3694700,600,450
ISIC_3696217,600,450
ISIC_3698441,600,450
ISIC_3701587,600,450
ISIC_3703123,600,450
ISIC_3704603,600,450
ISIC_3705057,600,450
ISIC_3705158,600,450
ISIC_3706698,600,450
ISIC_3707347,600,450
ISIC_3708140,600,450
ISIC_3708334,600,450
ISIC_3709727,600,450
ISIC_3712412,600,450
ISIC_3713055,600,450
ISIC_3715127,600,450
ISIC_3715527,600,450
ISIC_3716241,600,450
ISIC_3716373,600,450
ISIC_3717176,600,450
ISIC_3719395,600,450
ISIC_3719515,600,450
ISIC_3720143,600,450
ISIC_3721391,600,450
ISIC_3722054,600,450
ISIC_3722799,600,450
ISIC_3723692,600,450
ISIC_3724648,600,450
ISIC_3725108,600,450
ISIC_3727364,600,450
ISIC_3727371,600,450
ISIC_3727735,600,450
ISIC_3729094,600,450
ISIC_3729865,600,450
ISIC_3730239,600,450
ISIC_3730545,600,450
ISIC_3733902,600,450
ISIC_3734095,600,450
ISIC_3734574,600,450
ISIC_3735182,600,450
ISIC_3735481,600,450
ISIC_3735485,600,450
ISIC_3736563,600,450
ISIC_3736605,600,450
ISIC_3737700,600,450
ISIC_3739337,600,450
ISIC_3740583,600,450
ISIC_3740957,600,450
ISIC_3740979,600,450
ISIC_3741929,600,450
ISIC_3743625,600,450
ISIC_3744785,600,450
ISIC_3744853,600,450
ISIC_3746960,600,450
ISIC_3748464,600,450
ISIC_3748838,600,450
ISIC_3750512,600,450
ISIC_3750787,600,450
ISIC_3751292,600,450
ISIC_3751769,600,450
ISIC_3754933,600,450
ISIC_3757262,600,450
ISIC_3759305,600,450
ISIC_3759344,600,450
ISIC_3760355,600,450
ISIC_3761563,600,450
ISIC_3762115,600,450
ISIC_3762126,600,450
ISIC_3763694,600,450
ISIC_3763896,600,450
ISIC_3765070,600,450
ISIC_3765481,600,450
ISIC_3766990,600,450
ISIC_3769180,600,450
ISIC_3769575,600,450
ISIC_3769921,600,450
ISIC_3770337,600,450
ISIC_3770484,600,450
ISIC_3772519,600,450
ISIC_3773277,600,450
ISIC_3774225,600,450
ISIC_3774678,600,450
ISIC_3774739,600,450
ISIC_3776498,600,450
ISIC_3776721,600,450
ISIC_3778059,600,450
ISIC_3779625,600,450
ISIC_3780652,600,450
ISIC_3782736,600,450
ISIC_3782737,600,450
ISIC_3782771,600,450
ISIC_3783849,600,450
ISIC_3783885,600,450
ISIC_3784009,600,450
ISIC_3785074,600,450
ISIC_3785448,600,450
ISIC_3786263,600,450
ISIC_3788301,600,450
ISIC_3788562,600,450
ISIC_3788989,600,450
ISIC_3789455,600,450
ISIC_3789914,600,450
ISIC_3790590,600,450
ISIC_3791100,600,450
ISIC_3791559,600,450
ISIC_3792868,600,450
ISIC_3793299,600,450
ISIC_3794267,600,450
ISIC_3794620,600,450
ISIC_3797221,600,450
ISIC_3797260,600,450
ISIC_3799041,600,450
ISIC_3799953,600,450
ISIC_3807230,600,450
ISIC_3807348,600,450
ISIC_3810251,600,450
ISIC_3813726,600,450
ISIC_3814826,600,450
ISIC_3817961,600,450
ISIC_3818412,600,450
ISIC_3818502,600,450
ISIC_3818927,600,450
ISIC_3819646,600,450
ISIC_3819687,600,450
ISIC_3820500,600,450
ISIC_3822340,600,450
ISIC_3822722,600,450
ISIC_3824162,600,450
ISIC_3824264,600,450
ISIC_3824638,600,450
ISIC_3825515,600,450
ISIC_3825679,600,450
ISIC_3826101,600,450
ISIC_3826563,600,450
ISIC_3827392,600,450
ISIC_3830454,600,450
ISIC_3830802,600,450
ISIC_3831165,600,450
ISIC_3831775,600,450
ISIC_3831969,600,450
ISIC_3832062,600,450
ISIC_3833952,600,450
ISIC_3835932,600,450
ISIC_3836165,600,450
ISIC_3836510,600,450
ISIC_3836605,600,450
ISIC_3836648,600,450
ISIC_3837734,600,450
ISIC_3838800,600,450
ISIC_3838940,600,450
ISIC_3840818,600,450
ISIC_3841279,600,450
ISIC_3843458,600,450
ISIC_3844756,600,450
ISIC_3845463,600,450
ISIC_3845812,600,450
ISIC_3845941,600,450
ISIC_3846189,600,450
ISIC_3846256,600,450
ISIC_3846262,600,450
ISIC_3849096,600,450
ISIC_3851477,600,450
ISIC_3852303,600,450
ISIC_3852630,600,450
ISIC_3853000,600,450
ISIC_3853115,600,450
ISIC_3859478,600,450
ISIC_3860071,600,450
ISIC_3861067,600,450
ISIC_3861361,600,450
ISIC_3861977,600,450
ISIC_3862106,600,450
ISIC_3862963,600,450
ISIC_3865643,600,450
ISIC_3865889,600,450
ISIC_3866655,600,450
ISIC_3869104,600,450
ISIC_3869200,600,450
ISIC_3869672,600,450
ISIC_3870717,600,450
ISIC_3871156,600,450
ISIC_3873129,600,450
ISIC_3873657,600,450
ISIC_3873824,600,450
ISIC_3874242,600,450
ISIC_3875460,600,450
ISIC_3877266,600,450
ISIC_3877513,600,450
ISIC_3877894,600,450
ISIC_3881302,600,450
ISIC_3881677,600,450
ISIC_3881896,600,450
ISIC_3884851,600,450
ISIC_3885747,600,450
ISIC_3885798,600,450
ISIC_3885903,600,450
ISIC_3887050,600,450
ISIC_3888868,600,450
ISIC_3890513,600,450
ISIC_3892467,600,450
ISIC_3892538,600,450
ISIC_3897449,600,450
ISIC_3897642,600,450
ISIC_3897686,600,450
ISIC_3900958,600,450
ISIC_3902457,600,450
ISIC_3902522,600,450
ISIC_3903505,600,450
ISIC_3904045,600,450
ISIC_3905088,600,450
ISIC_3905157,600,450
ISIC_3905379,600,450
ISIC_3905888,600,450
ISIC_3906432,600,450
ISIC_3906498,600,450
ISIC_3906512,600,450
ISIC_3908025,600,450
ISIC_3908138,600,450
ISIC_3909654,600,450
ISIC_3910778,600,450
ISIC_3911179,600,450
ISIC_3913255,600,450
ISIC_3914025,600,450
ISIC_3916461,600,450
ISIC_3917002,600,450
ISIC_3917176,600,450
ISIC_3917948,600,450
ISIC_3918888,600,450
ISIC_3921610,600,450
ISIC_3924227,600,450
ISIC_3925970,600,450
ISIC_3926968,600,450
ISIC_3928700,600,450
ISIC_3931577,600,450
ISIC_3931844,600,450
ISIC_3932303,600,450
ISIC_3933164,600,450
ISIC_3933356,600,450
ISIC_3933736,600,450
ISIC_3934861,600,450
ISIC_3934885,600,450
ISIC_3935025,600,450
ISIC_3935952,600,450
ISIC_3937278,600,450
ISIC_3938095,600,450
ISIC_3939868,600,450
ISIC_3942613,600,450
ISIC_3942749,600,450
ISIC_3943135,600,450
ISIC_3943289,600,450
ISIC_3945160,600,450
ISIC_3945933,600,450
ISIC_3945964,600,450
ISIC_3946401,600,450
ISIC_3946986,600,450
ISIC_3947520,600,450
ISIC_3950514,600,450
ISIC_3952412,600,450
ISIC_3952676,600,450
ISIC_3955799,600,450
ISIC_3957660,600,450
ISIC_3959129,600,450
ISIC_3959224,600,450
ISIC_3959713,600,450
ISIC_3961718,600,450
ISIC_3961758,600,450
ISIC_3962666,600,450
ISIC_3963646,600,450
ISIC_3965246,600,450
ISIC_3965502,600,450
ISIC_3966507,600,450
ISIC_3967417,600,450
ISIC_3967970,600,450
ISIC_3968898,600,450
ISIC_3970730,600,450
ISIC_3973393,600,450
ISIC_3974488,600,450
ISIC_3974637,600,450
ISIC_3974863,600,450
ISIC_3974904,600,450
ISIC_3975783,600,450
ISIC_3977951,600,450
ISIC_3979561,600,450
ISIC_3981334,600,450
ISIC_3981430,600,450
ISIC_3981911,600,450
ISIC_3982759,600,450
ISIC_3983224,600,450
ISIC_3984912,600,450
ISIC_3985588,600,450
ISIC_3986103,600,450
ISIC_3986538,600,450
ISIC_3991986,600,450
ISIC_3993701,600,450
ISIC_3994760,600,450
ISIC_3995849,600,450
ISIC_3995853,600,450
ISIC_3997102,600,450
ISIC_3999304,600,450
ISIC_4004241,600,450
ISIC_4005803,600,450
ISIC_4007259,600,450
ISIC_4009830,600,450
ISIC_4011704,600,450
ISIC_4013061,600,450
ISIC_4013307,600,450
ISIC_4013983,600,450
ISIC_4014870,600,450
ISIC_4017835,600,450
ISIC_4018932,600,450
ISIC_4018978,600,450
ISIC_4019827,600,450
ISIC_4020367,600,450
ISIC_4021072,600,450
ISIC_4022483,600,450
ISIC_4022680,600,450
ISIC_4025658,600,450
ISIC_4026621,600,450
ISIC_4026962,600,450
ISIC_4027141,600,450
ISIC_4028106,600,450
ISIC_4028370,600,450
ISIC_4030094,600,450
ISIC_4030354,600,450
ISIC_4031105,600,450
ISIC_4031450,600,450
ISIC_4032370,600,450
ISIC_4033538,600,450
ISIC_4034196,600,450
ISIC_4034626,600,450
ISIC_4034716,600,450
ISIC_4037796,600,450
ISIC_4038238,600,450
ISIC_4040199,600,450
ISIC_4040829,600,450
ISIC_4042084,600,450
ISIC_4042132,600,450
ISIC_4043291,600,450
ISIC_4043337,600,450
ISIC_4043651,600,450
ISIC_4045574,600,450
ISIC_4045666,600,450
ISIC_4046643,600,450
ISIC_4048377,600,450
ISIC_4049057,600,450
ISIC_4051459,600,450
ISIC_4051514,600,450
ISIC_4051799,600,450
ISIC_4056904,600,450
ISIC_4057179,600,450
ISIC_4057182,600,450
ISIC_4058425,600,450
ISIC_4060384,600,450
ISIC_4060718,600,450
ISIC_4061154,600,450
ISIC_4061158,600,450
ISIC_4062304,600,450
ISIC_4063953,600,450
ISIC_4064312,600,450
ISIC_4065190,600,450
ISIC_4065256,600,450
ISIC_4065657,600,450
ISIC_4065991,600,450
ISIC_4066448,600,450
ISIC_4066771,600,450
ISIC_4070008,600,450
ISIC_4071197,600,450
ISIC_4071486,600,450
ISIC_4071634,600,450
ISIC_4071700,600,450
ISIC_4071946,600,450
ISIC_4072524,600,450
ISIC_4072785,600,450
ISIC_4075407,600,450
ISIC_4075850,600,450
ISIC_4079070,600,450
ISIC_4080936,600,450
ISIC_4080973,600,450
ISIC_4081526,600,450
ISIC_4082323,600,450
ISIC_4082328,600,450
ISIC_4082454,600,450
ISIC_4083123,600,450
ISIC_4083158,600,450
ISIC_4090560,600,450
ISIC_4091147,600,450
ISIC_4091460,600,450
ISIC_4092604,600,450
ISIC_4093313,600,450
ISIC_4093535,600,450
ISIC_4093606,600,450
ISIC_4094390,600,450
ISIC_4097142,600,450
ISIC_4098601,600,450
ISIC_4101918,600,450
ISIC_4103277,600,450
ISIC_4103339,600,450
ISIC_4104303,600,450
ISIC_4104512,600,450
ISIC_4106032,600,450
ISIC_4109800,600,450
ISIC_4112456,600,450
ISIC_4112547,600,450
ISIC_4113126,600,450
ISIC_4113429,600,450
ISIC_4113553,600,450
ISIC_4116005,600,450
ISIC_4116218,600,450
ISIC_4117748,600,450
ISIC_4117941,600,450
ISIC_4119665,600,450
ISIC_4119708,600,450
ISIC_4120065,600,450
ISIC_4120304,600,450
ISIC_4122077,600,450
ISIC_4122632,600,450
ISIC_4122655,600,450
ISIC_4123254,600,450
ISIC_4123715,600,450
ISIC_4127514,600,450
ISIC_4128998,600,450
ISIC_4129053,600,450
ISIC_4129256,600,450
ISIC_4132905,600,450
ISIC_4133448,600,450
ISIC_4135378,600,450
ISIC_4135497,600,450
ISIC_4136790,600,450
ISIC_4138482,600,450
ISIC_4138489,600,450
ISIC_4138560,600,450
ISIC_4138716,600,450
ISIC_4139755,600,450
ISIC_4140673,600,450
ISIC_4140786,600,450
ISIC_4141251,600,450
ISIC_4141321,600,450
ISIC_4141354,600,450
ISIC_4141476,600,450
ISIC_4145656,600,450
ISIC_4146139,600,450
ISIC_4146599,600,450
ISIC_4146633,600,450
ISIC_4146816,600,450
ISIC_4148797,600,450
ISIC_4148971,600,450
ISIC_4150948,600,450
ISIC_4152827,600,450
ISIC_4154321,600,450
ISIC_4155558,600,450
ISIC_4155762,600,450
ISIC_4156101,600,450
ISIC_4156387,600,450
ISIC_4156431,600,450
ISIC_4156628,600,450
ISIC_4156886,600,450
ISIC_4157522,600,450
ISIC_4158219,600,450
ISIC_4158420,600,450
ISIC_4161639,600,450
ISIC_4162103,600,450
ISIC_4162668,600,450
ISIC_4163384,600,450
ISIC_4167447,600,450
ISIC_4168419,600,450
ISIC_4168673,600,450
ISIC_4169509,600,450
ISIC_4170754,600,450
ISIC_4171190,600,450
ISIC_4171479,600,450
ISIC_4171839,600,450
ISIC_4174672,600,450
ISIC_4175612,600,450
ISIC_4175828,600,450
ISIC_4176108,600,450
ISIC_4176839,600,450
ISIC_4176987,600,450
ISIC_4177510,600,450
ISIC_4178605,600,450
ISIC_4178690,600,450
ISIC_4179264,600,450
ISIC_4179757,600,450
ISIC_4180324,600,450
ISIC_4180763,600,450
ISIC_4181074,600,450
ISIC_4181298,600,450
ISIC_4183641,600,450
ISIC_4184819,600,450
ISIC_4185473,600,450
ISIC_4185934,600,450
ISIC_4186049,600,450
ISIC_4186883,600,450
ISIC_4187456,600,450
ISIC_4189363,600,450
ISIC_4191448,600,450
ISIC_4191930,600,450
ISIC_4192230,600,450
ISIC_4194168,600,450
ISIC_4194365,600,450
ISIC_4194491,600,450
ISIC_4194507,600,450
ISIC_4196278,600,450
ISIC_4198312,600,450
ISIC_4198936,600,450
ISIC_4200513,600,450
ISIC_4203842,600,450
ISIC_4204828,600,450
ISIC_4204876,600,450
ISIC_4205403,600,450
ISIC_4205802,600,450
ISIC_4206533,600,450
ISIC_4207196,600,450
ISIC_4208233,600,450
ISIC_4209803,600,450
ISIC_4210097,600,450
ISIC_4210592,600,450
ISIC_4213648,600,450
ISIC_4213914,600,450
ISIC_4214316,600,450
ISIC_4215075,600,450
ISIC_4216061,600,450
ISIC_4216162,600,450
ISIC_4217947,600,450
ISIC_4218589,600,450
ISIC_4218751,600,450
ISIC_4222750,600,450
ISIC_4222832,600,450
ISIC_4222996,600,450
ISIC_4224540,600,450
ISIC_4224743,600,450
ISIC_4225046,600,450
ISIC_4225100,600,450
ISIC_4225552,600,450
ISIC_4225650,600,450
ISIC_4226769,600,450
ISIC_4228893,600,450
ISIC_4229124,600,450
ISIC_4229574,600,450
ISIC_4230181,600,450
ISIC_4230532,600,450
ISIC_4231056,600,450
ISIC_4231370,600,450
ISIC_4231378,600,450
ISIC_4232474,600,450
ISIC_4235290,600,450
ISIC_4235575,600,450
ISIC_4235697,600,450
ISIC_4235972,600,450
ISIC_4236187,600,450
ISIC_4237744,600,450
ISIC_4237789,600,450
ISIC_4239743,600,450
ISIC_4242454,600,450
ISIC_4243006,600,450
ISIC_4243113,600,450
ISIC_4245317,600,450
ISIC_4246217,600,450
ISIC_4246393,600,450
ISIC_4246896,600,450
ISIC_4247695,600,450
ISIC_4249004,600,450
ISIC_4252005,600,450
ISIC_4252694,600,450
ISIC_4253845,600,450
ISIC_4254313,600,450
ISIC_4254329,600,450
ISIC_4254662,600,450
ISIC_4254772,600,450
ISIC_4256565,600,450
ISIC_4256719,600,450
ISIC_4257125,600,450
ISIC_4257621,600,450
ISIC_4257866,600,450
ISIC_4258900,600,450
ISIC_4260452,600,450
ISIC_4261803,600,450
ISIC_4262185,600,450
ISIC_4263491,600,450
ISIC_4264456,600,450
ISIC_4265106,600,450
ISIC_4265404,600,450
ISIC_4267031,600,450
ISIC_4267147,600,450
ISIC_4268667,600,450
ISIC_4268847,600,450
ISIC_4268989,600,450
ISIC_4270494,600,450
ISIC_4271987,600,450
ISIC_4272095,600,450
ISIC_4272600,600,450
ISIC_4273109,600,450
ISIC_4273674,600,450
ISIC_4275458,600,450
ISIC_4275620,600,450
ISIC_4275923,600,450
ISIC_4276424,600,450
ISIC_4277194,600,450
ISIC_4277953,600,450
ISIC_4277959,600,450
ISIC_4278930,600,450
ISIC_4279073,600,450
ISIC_4281031,600,450
ISIC_4281048,600,450
ISIC_4282374,600,450
ISIC_4282506,600,450
ISIC_4282860,600,450
ISIC_4283540,600,450
ISIC_4285661,600,450
ISIC_4288009,600,450
ISIC_4291049,600,450
ISIC_4291408,600,450
ISIC_4292605,600,450
ISIC_4294236,600,450
ISIC_4296407,600,450
ISIC_4297082,600,450
ISIC_4297088,600,450
ISIC_4297812,600,450
ISIC_4299958,600,450
ISIC_4300672,600,450
ISIC_4301316,600,450
ISIC_4301937,600,450
ISIC_4301953,600,450
ISIC_4302597,600,450
ISIC_4303207,600,450
ISIC_4303795,600,450
ISIC_4305600,600,450
ISIC_4306480,600,450
ISIC_4307237,600,450
ISIC_4307786,600,450
ISIC_4307964,600,450
ISIC_4308394,600,450
ISIC_4308587,600,450
ISIC_4310441,600,450
ISIC_4310588,600,450
ISIC_4310927,600,450
ISIC_4311112,600,450
ISIC_4311703,600,450
ISIC_4312494,600,450
ISIC_4313961,600,450
ISIC_4314742,600,450
ISIC_4315074,600,450
ISIC_4315238,600,450
ISIC_4315425,600,450
ISIC_4315588,600,450
ISIC_4316216,600,450
ISIC_4316755,600,450
ISIC_4316947,600,450
ISIC_4317864,600,450
ISIC_4318027,600,450
ISIC_4320592,600,450
ISIC_4322162,600,450
ISIC_4323016,600,450
ISIC_4323711,600,450
ISIC_4324758,600,450
ISIC_4325142,600,450
ISIC_4325233,600,450
ISIC_4325605,600,450
ISIC_4325688,600,450
ISIC_4328393,600,450
ISIC_4329526,600,450
ISIC_4329801,600,450
ISIC_4330244,600,450
ISIC_4330850,600,450
ISIC_4330964,600,450
ISIC_4331231,600,450
ISIC_4336547,600,450
ISIC_4337041,600,450
ISIC_4337693,600,450
ISIC_4338535,600,450
ISIC_4341118,600,450
ISIC_4342189,600,450
ISIC_4342648,600,450
ISIC_4343032,600,450
ISIC_4343132,600,450
ISIC_4343144,600,450
ISIC_4343848,600,450
ISIC_4344365,600,450
ISIC_4345273,600,450
ISIC_4345415,600,450
ISIC_4345756,600,450
ISIC_4345819,600,450
ISIC_4345873,600,450
ISIC_4346905,600,450
ISIC_4347690,600,450
ISIC_4347782,600,450
ISIC_4347789,600,450
ISIC_4348115,600,450
ISIC_4349004,600,450
ISIC_4349051,600,450
ISIC_4349272,600,450
ISIC_4350109,600,450
ISIC_4350222,600,450
ISIC_4351882,600,450
ISIC_4352140,600,450
ISIC_4352572,600,450
ISIC_4352757,600,450
ISIC_4353551,600,450
ISIC_4354115,600,450
ISIC_4357109,600,450
ISIC_4357637,600,450
ISIC_4357940,600,450
ISIC_4358555,600,450
ISIC_4358907,600,450
ISIC_4360620,600,450
ISIC_4362069,600,450
ISIC_4362166,600,450
ISIC_4363100,600,450
ISIC_4363333,600,450
ISIC_4365319,600,450
ISIC_4368655,600,450
ISIC_4369433,600,450
ISIC_4370328,600,450
ISIC_4370676,600,450
ISIC_4371078,600,450
ISIC_4371553,600,450
ISIC_4373192,600,450
ISIC_4375630,600,450
ISIC_4375866,600,450
ISIC_4376280,600,450
ISIC_4377239,600,450
ISIC_4378281,600,450
ISIC_4378484,600,450
ISIC_4378485,600,450
ISIC_4379610,600,450
ISIC_4380028,600,450
ISIC_4380499,600,450
ISIC_4381433,600,450
ISIC_4381662,600,450
ISIC_4382908,600,450
ISIC_4384446,600,450
ISIC_4384547,600,450
ISIC_4385584,600,450
ISIC_4386149,600,450
ISIC_4386519,600,450
ISIC_4388573,600,450
ISIC_4389317,600,450
ISIC_4389754,600,450
ISIC_4391227,600,450
ISIC_4391247,600,450
ISIC_4391320,600,450
ISIC_4391368,600,450
ISIC_4393750,600,450
ISIC_4395957,600,450
ISIC_4396652,600,450
ISIC_4397628,600,450
ISIC_4399830,600,450
ISIC_4400687,600,450
ISIC_4401551,600,450
ISIC_4406265,600,450
ISIC_4406973,600,450
ISIC_4407417,600,450
ISIC_4407741,600,450
ISIC_4408708,600,450
ISIC_4409610,600,450
ISIC_4410078,600,450
ISIC_4411067,600,450
ISIC_4412263,600,450
ISIC_4412646,600,450
ISIC_4413011,600,450
ISIC_4416373,600,450
ISIC_4416938,600,450
ISIC_4419306,600,450
ISIC_4420449,600,450
ISIC_4420662,600,450
ISIC_4421204,600,450
ISIC_4421697,600,450
ISIC_4423752,600,450
ISIC_4424010,600,450
ISIC_4424871,600,450
ISIC_4425251,600,450
ISIC_4425852,600,450
ISIC_4426174,600,450
ISIC_4426257,600,450
ISIC_4426808,600,450
ISIC_4426986,600,450
ISIC_4427207,600,450
ISIC_4427785,600,450
ISIC_4428176,600,450
ISIC_4428215,600,450
ISIC_4429484,600,450
ISIC_4429526,600,450
ISIC_4429544,600,450
ISIC_4430642,600,450
ISIC_4431113,600,450
ISIC_4431906,600,450
ISIC_4432152,600,450
ISIC_4437851,600,450
ISIC_4438000,600,450
ISIC_4438089,600,450
ISIC_4438725,600,450
ISIC_4439069,600,450
ISIC_4439657,600,450
ISIC_4440119,600,450
ISIC_4441956,600,450
ISIC_4442146,600,450
ISIC_4442378,600,450
ISIC_4442537,600,450
ISIC_4443257,600,450
ISIC_4443638,600,450
ISIC_4444763,600,450
ISIC_4444955,600,450
ISIC_4444976,600,450
ISIC_4445549,600,450
ISIC_4448691,600,450
ISIC_4449884,600,450
ISIC_4452365,600,450
ISIC_4452788,600,450
ISIC_4454419,600,450
ISIC_4456941,600,450
ISIC_4458763,600,450
ISIC_4460423,600,450
ISIC_4463160,600,450
ISIC_4463461,600,450
ISIC_4464487,600,450
ISIC_4464668,600,450
ISIC_4465960,600,450
ISIC_4466417,600,450
ISIC_4466925,600,450
ISIC_4467312,600,450
ISIC_4467591,600,450
ISIC_4467920,600,450
ISIC_4468146,600,450
ISIC_4468660,600,450
ISIC_4469500,600,450
ISIC_4469657,600,450
ISIC_4470087,600,450
ISIC_4470805,600,450
ISIC_4471113,600,450
ISIC_4471122,600,450
ISIC_4471156,600,450
ISIC_4471703,600,450
ISIC_4471978,600,450
ISIC_4472727,600,450
ISIC_4473773,600,450
ISIC_4474327,600,450
ISIC_4474700,600,450
ISIC_4474831,600,450
ISIC_4475597,600,450
ISIC_4476901,600,450
ISIC_4478313,600,450
ISIC_4478363,600,450
ISIC_4480326,600,450
ISIC_4480429,600,450
ISIC_4481385,600,450
ISIC_4482208,600,450
ISIC_4482209,600,450
ISIC_4482349,600,450
ISIC_4483583,600,450
ISIC_4484543,600,450
ISIC_4484804,600,450
ISIC_4485409,600,450
ISIC_4485467,600,450
ISIC_4485874,600,450
ISIC_4486341,600,450
ISIC_4486982,600,450
ISIC_4487781,600,450
ISIC_4488663,600,450
ISIC_4489369,600,450
ISIC_4489370,600,450
ISIC_4489436,600,450
ISIC_4489686,600,450
ISIC_4490295,600,450
ISIC_4490552,600,450
ISIC_4490935,600,450
ISIC_4491028,600,450
ISIC_4491147,600,450
ISIC_4492675,600,450
ISIC_4492759,600,450
ISIC_4493203,600,450
ISIC_4494081,600,450
ISIC_4494886,600,450
ISIC_4497112,600,450
ISIC_4497730,600,450
ISIC_4499437,600,450
ISIC_4499587,600,450
ISIC_4499650,600,450
ISIC_4500149,600,450
ISIC_4502250,600,450
ISIC_4502259,600,450
ISIC_4503581,600,450
ISIC_4504390,600,450
ISIC_4505155,600,450
ISIC_4506914,600,450
ISIC_4509108,600,450
ISIC_4509507,600,450
ISIC_4509723,600,450
ISIC_4513123,600,450
ISIC_4514529,600,450
ISIC_4516611,600,450
ISIC_4516929,600,450
ISIC_4517185,600,450
ISIC_4517401,600,450
ISIC_4518133,600,450
ISIC_4520270,600,450
ISIC_4520562,600,450
ISIC_4523106,600,450
ISIC_4523157,600,450
ISIC_4523213,600,450
ISIC_4523525,600,450
ISIC_4524898,600,450
ISIC_4526071,600,450
ISIC_4526175,600,450
ISIC_4526994,600,450
ISIC_4527478,600,450
ISIC_4529113,600,450
ISIC_4529704,600,450
ISIC_4530809,600,450
ISIC_4531147,600,450
ISIC_4532622,600,450
ISIC_4533084,600,450
ISIC_4534460,600,450
ISIC_4536103,600,450
ISIC_4536273,600,450
ISIC_4538438,600,450
ISIC_4540189,600,450
ISIC_4541978,600,450
ISIC_4542004,600,450
ISIC_4542447,600,450
ISIC_4544829,600,450
ISIC_4546388,600,450
ISIC_4546539,600,450
ISIC_4548708,600,450
ISIC_4548759,600,450
ISIC_4549707,600,450
ISIC_4552372,600,450
ISIC_4552842,600,450
ISIC_4553466,600,450
ISIC_4553574,600,450
ISIC_4554471,600,450
ISIC_4554893,600,450
ISIC_4557242,600,450
ISIC_4557470,600,450
ISIC_4558719,600,450
ISIC_4560708,600,450
ISIC_4560761,600,450
ISIC_4561114,600,450
ISIC_4562629,600,450
ISIC_4563142,600,450
ISIC_4564343,600,450
ISIC_4564652,600,450
ISIC_4564958,600,450
ISIC_4565131,600,450
ISIC_4565417,600,450
ISIC_4566511,600,450
ISIC_4566874,600,450
ISIC_4568904,600,450
ISIC_4571498,600,450
ISIC_4572206,600,450
ISIC_4573337,600,450
ISIC_4573444,600,450
ISIC_4574340,600,450
ISIC_4574908,600,450
ISIC_4575840,600,450
ISIC_4576379,600,450
ISIC_4577203,600,450
ISIC_4578129,600,450
ISIC_4581129,600,450
ISIC_4581953,600,450
ISIC_4582043,600,450
ISIC_4583576,600,450
ISIC_4583761,600,450
ISIC_4584837,600,450
ISIC_4584930,600,450
ISIC_4584962,600,450
ISIC_4585749,600,450
ISIC_4586954,600,450
ISIC_4587766,600,450
ISIC_4588258,600,450
ISIC_4588701,600,450
ISIC_4588970,600,450
ISIC_4589630,600,450
ISIC_4590231,600,450
ISIC_4590345,600,450
ISIC_4591575,600,450
ISIC_4594517,600,450
ISIC_4594686,600,450
ISIC_4596353,600,450
ISIC_4597054,600,450
ISIC_4597469,600,450
ISIC_4597516,600,450
ISIC_4597536,600,450
ISIC_4597624,600,450
ISIC_4597915,600,450
ISIC_4598485,600,450
ISIC_4598786,600,450
ISIC_4599000,600,450
ISIC_4599594,600,450
ISIC_4601154,600,450
ISIC_4602130,600,450
ISIC_4602849,600,450
ISIC_4602943,600,450
ISIC_4604175,600,450
ISIC_4604978,600,450
ISIC_4605939,600,450
ISIC_4606877,600,450
ISIC_4607582,600,450
ISIC_4607649,600,450
ISIC_4608930,600,450
ISIC_4609417,600,450
ISIC_4612891,600,450
ISIC_4613132,600,450
ISIC_4613268,600,450
ISIC_4613280,600,450
ISIC_4613878,600,450
ISIC_4613924,600,450
ISIC_4616394,600,450
ISIC_4617290,600,450
ISIC_4618150,600,450
ISIC_4618811,600,450
ISIC_4620865,600,450
ISIC_4620895,600,450
ISIC_4621745,600,450
ISIC_4622192,600,450
ISIC_4622676,600,450
ISIC_4626097,600,450
ISIC_4626190,600,450
ISIC_4628391,600,450
ISIC_4629088,600,450
ISIC_4630771,600,450
ISIC_4631892,600,450
ISIC_4632123,600,450
ISIC_4635975,600,450
ISIC_4637440,600,450
ISIC_4637590,600,450
ISIC_4638443,600,450
ISIC_4639628,600,450
ISIC_4639978,600,450
ISIC_4640009,600,450
ISIC_4640643,600,450
ISIC_4640979,600,450
ISIC_4641356,600,450
ISIC_4641479,600,450
ISIC_4642078,600,450
ISIC_4642906,600,450
ISIC_4646662,600,450
ISIC_4647126,600,450
ISIC_4648640,600,450
ISIC_4648933,600,450
ISIC_4649816,600,450
ISIC_4652327,600,450
ISIC_4653572,600,450
ISIC_4653787,600,450
ISIC_4654586,600,450
ISIC_4654961,600,450
ISIC_4655906,600,450
ISIC_4656199,600,450
ISIC_4656723,600,450
ISIC_4659670,600,450
ISIC_4660700,600,450
ISIC_4661049,600,450
ISIC_4662348,600,450
ISIC_4662941,600,450
ISIC_4665494,600,450
ISIC_4666384,600,450
ISIC_4668008,600,450
ISIC_4668657,600,450
ISIC_4668708,600,450
ISIC_4668728,600,450
ISIC_4669543,600,450
ISIC_4671410,600,450
ISIC_4671582,600,450
ISIC_4672310,600,450
ISIC_4674125,600,450
ISIC_4675163,600,450
ISIC_4678467,600,450
ISIC_4679707,600,450
ISIC_4680472,600,450
ISIC_4680765,600,450
ISIC_4681024,600,450
ISIC_4682172,600,450
ISIC_4683265,600,450
ISIC_4683384,600,450
ISIC_4683499,600,450
ISIC_4684596,600,450
ISIC_4684676,600,450
ISIC_4685235,600,450
ISIC_4685270,600,450
ISIC_4686711,600,450
ISIC_4687962,600,450
ISIC_4689083,600,450
ISIC_4689149,600,450
ISIC_4690427,600,450
ISIC_4691032,600,450
ISIC_4691479,600,450
ISIC_4692254,600,450
ISIC_4696657,600,450
ISIC_4700136,600,450
ISIC_4700918,600,450
ISIC_4701849,600,450
ISIC_4703321,600,450
ISIC_4703455,600,450
ISIC_4707994,600,450
ISIC_4708288,600,450
ISIC_4710855,600,450
ISIC_4712387,600,450
ISIC_4712987,600,450
ISIC_4713403,600,450
ISIC_4713478,600,450
ISIC_4714408,600,450
ISIC_4716627,600,450
ISIC_4716765,600,450
ISIC_4718280,600,450
ISIC_4719265,600,450
ISIC_4720694,600,450
ISIC_4720934,600,450
ISIC_4721060,600,450
ISIC_4722161,600,450
ISIC_4722294,600,450
ISIC_4726329,600,450
ISIC_4726470,600,450
ISIC_4727154,600,450
ISIC_4728787,600,450
ISIC_4729676,600,450
ISIC_4730750,600,450
ISIC_4733269,600,450
ISIC_4733429,600,450
ISIC_4733745,600,450
ISIC_4735258,600,450
ISIC_4735270,600,450
ISIC_4736865,600,450
ISIC_4737695,600,450
ISIC_4737794,600,450
ISIC_4738070,600,450
ISIC_4738084,600,450
ISIC_4740515,600,450
ISIC_4740743,600,450
ISIC_4741194,600,450
ISIC_4741777,600,450
ISIC_4742339,600,450
ISIC_4742379,600,450
ISIC_4743338,600,450
ISIC_4743479,600,450
ISIC_4749092,600,450
ISIC_4752546,600,450
ISIC_4753918,600,450
ISIC_4756850,600,450
ISIC_4757362,600,450
ISIC_4757447,600,450
ISIC_4759066,600,450
ISIC_4759275,600,450
ISIC_4760114,600,450
ISIC_4760443,600,450
ISIC_4761686,600,450
ISIC_4763505,600,450
ISIC_4765663,600,450
ISIC_4767902,600,450
ISIC_4768009,600,450
ISIC_4769059,600,450
ISIC_4770601,600,450
ISIC_4770621,600,450
ISIC_4770739,600,450
ISIC_4771395,600,450
ISIC_4771678,600,450
ISIC_4771926,600,450
ISIC_4773028,600,450
ISIC_4775207,600,450
ISIC_4775625,600,450
ISIC_4780938,600,450
ISIC_4783176,600,450
ISIC_4784047,600,450
ISIC_4785619,600,450
ISIC_4787120,600,450
ISIC_4788552,600,450
ISIC_4791946,600,450
ISIC_4792565,600,450
ISIC_4793381,600,450
ISIC_4793606,600,450
ISIC_4794413,600,450
ISIC_4794988,600,450
ISIC_4795806,600,450
ISIC_4796147,600,450
ISIC_4796243,600,450
ISIC_4797048,600,450
ISIC_4797688,600,450
ISIC_4799293,600,450
ISIC_4799523,600,450
ISIC_4801832,600,450
ISIC_4803004,600,450
ISIC_4803473,600,450
ISIC_4806633,600,450
ISIC_4806887,600,450
ISIC_4807163,600,450
ISIC_4807554,600,450
ISIC_4810104,600,450
ISIC_4811323,600,450
ISIC_4815149,600,450
ISIC_4820255,600,450
ISIC_4821214,600,450
ISIC_4821829,600,450
ISIC_4822631,600,450
ISIC_4823638,600,450
ISIC_4823764,600,450
ISIC_4827917,600,450
ISIC_4829038,600,450
ISIC_4830413,600,450
ISIC_4833123,600,450
ISIC_4834358,600,450
ISIC_4835287,600,450
ISIC_4836899,600,450
ISIC_4837156,600,450
ISIC_4838706,600,450
ISIC_4839895,600,450
ISIC_4840056,600,450
ISIC_4840771,600,450
ISIC_4841357,600,450
ISIC_4842094,600,450
ISIC_4842466,600,450
ISIC_4842886,600,450
ISIC_4845560,600,450
ISIC_4845673,600,450
ISIC_4845899,600,450
ISIC_4847052,600,450
ISIC_4848886,600,450
ISIC_4849294,600,450
ISIC_4849906,600,450
ISIC_4850035,600,450
ISIC_4851185,600,450
ISIC_4851411,600,450
ISIC_4853537,600,450
ISIC_4857268,600,450
ISIC_4857675,600,450
ISIC_4859866,600,450
ISIC_4859968,600,450
ISIC_4860954,600,450
ISIC_4860957,600,450
ISIC_4862456,600,450
ISIC_4862589,600,450
ISIC_4865809,600,450
ISIC_4868603,600,450
ISIC_4869343,600,450
ISIC_4869964,600,450
ISIC_4871000,600,450
ISIC_4871002,600,450
ISIC_4871864,600,450
ISIC_4872000,600,450
ISIC_4872496,600,450
ISIC_4873477,600,450
ISIC_4873822,600,450
ISIC_4875335,600,450
ISIC_4875678,600,450
ISIC_4876540,600,450
ISIC_4877646,600,450
ISIC_4877797,600,450
ISIC_4879615,600,450
ISIC_4879730,600,450
ISIC_4881815,600,450
ISIC_4881986,600,450
ISIC_4885518,600,450
ISIC_4885574,600,450
ISIC_4886295,600,450
ISIC_4886441,600,450
ISIC_4886585,600,450
ISIC_4887914,600,450
ISIC_4887943,600,450
ISIC_4888153,600,450
ISIC_4888771,600,450
ISIC_4889654,600,450
ISIC_4889821,600,450
ISIC_4889822,600,450
ISIC_4890139,600,450
ISIC_4891216,600,450
ISIC_4891974,600,450
ISIC_4892815,600,450
ISIC_4893353,600,450
ISIC_4894144,600,450
ISIC_4895877,600,450
ISIC_4896772,600,450
ISIC_4896814,600,450
ISIC_4896910,600,450
ISIC_4897116,600,450
ISIC_4898312,600,450
ISIC_4898917,600,450
ISIC_4900087,600,450
ISIC_4900201,600,450
ISIC_4900556,600,450
ISIC_4901003,600,450
ISIC_4901933,600,450
ISIC_4902119,600,450
ISIC_4905525,600,450
ISIC_4905823,600,450
ISIC_4907310,600,450
ISIC_4908497,600,450
ISIC_4909505,600,450
ISIC_4909590,600,450
ISIC_4909682,600,450
ISIC_4910424,600,450
ISIC_4911521,600,450
ISIC_4912510,600,450
ISIC_4913073,600,450
ISIC_4913500,600,450
ISIC_4914433,600,450
ISIC_4914852,600,450
ISIC_4915601,600,450
ISIC_4916643,600,450
ISIC_4916835,600,450
ISIC_4919090,600,450
ISIC_4919280,600,450
ISIC_4919326,600,450
ISIC_4920461,600,450
ISIC_4921441,600,450
ISIC_4923148,600,450
ISIC_4923499,600,450
ISIC_4923934,600,450
ISIC_4924759,600,450
ISIC_4924775,600,450
ISIC_4925038,600,450
ISIC_4925748,600,450
ISIC_4926295,600,450
ISIC_4927149,600,450
ISIC_4929016,600,450
ISIC_4929247,600,450
ISIC_4929586,600,450
ISIC_4930751,600,450
ISIC_4932148,600,450
ISIC_4932799,600,450
ISIC_4933345,600,450
ISIC_4933905,600,450
ISIC_4933959,600,450
ISIC_4934707,600,450
ISIC_4935816,600,450
ISIC_4936029,600,450
ISIC_4937672,600,450
ISIC_4938829,600,450
ISIC_4939357,600,450
ISIC_4940127,600,450
ISIC_4940435,600,450
ISIC_4940514,600,450
ISIC_4941462,600,450
ISIC_4942291,600,450
ISIC_4943359,600,450
ISIC_4943472,600,450
ISIC_4943764,600,450
ISIC_4945500,600,450
ISIC_4946681,600,450
ISIC_4949237,600,450
ISIC_4949753,600,450
ISIC_4950049,600,450
ISIC_4951263,600,450
ISIC_4951972,600,450
ISIC_4952289,600,450
ISIC_4952639,600,450
ISIC_4953526,600,450
ISIC_4954192,600,450
ISIC_4955572,600,450
ISIC_4955834,600,450
ISIC_4955912,600,450
ISIC_4956012,600,450
ISIC_4957395,600,450
ISIC_4957526,600,450
ISIC_4957929,600,450
ISIC_4958487,600,450
ISIC_4958589,600,450
ISIC_4959784,600,450
ISIC_4960098,600,450
ISIC_4960789,600,450
ISIC_4961582,600,450
ISIC_4962195,600,450
ISIC_4963201,600,450
ISIC_4964410,600,450
ISIC_4964428,600,450
ISIC_4964694,600,450
ISIC_4965110,600,450
ISIC_4966803,600,450
ISIC_4967282,600,450
ISIC_4968641,600,450
ISIC_4969084,600,450
ISIC_4969277,600,450
ISIC_4970256,600,450
ISIC_4970657,600,450
ISIC_4971008,600,450
ISIC_4971911,600,450
ISIC_4973062,600,450
ISIC_4973067,600,450
ISIC_4975719,600,450
ISIC_4976142,600,450
ISIC_4976629,600,450
ISIC_4977351,600,450
ISIC_4978173,600,450
ISIC_4979236,600,450
ISIC_4979533,600,450
ISIC_4980158,600,450
ISIC_4980196,600,450
ISIC_4981008,600,450
ISIC_4982700,600,450
ISIC_4983165,600,450
ISIC_4983893,600,450
ISIC_4984469,600,450
ISIC_4984580,600,450
ISIC_4984773,600,450
ISIC_4985100,600,450
ISIC_4985739,600,450
ISIC_4987638,600,450
ISIC_4987986,600,450
ISIC_4988567,600,450
ISIC_4989932,600,450
ISIC_4990358,600,450
ISIC_4991395,600,450
ISIC_4992936,600,450
ISIC_4993836,600,450
ISIC_4996777,600,450
ISIC_5000414,600,450
ISIC_5001424,600,450
ISIC_5003991,600,450
ISIC_5004150,600,450
ISIC_5006126,600,450
ISIC_5006235,600,450
ISIC_5007628,600,450
ISIC_5007629,600,450
ISIC_5010015,600,450
ISIC_5010177,600,450
ISIC_5010590,600,450
ISIC_5013715,600,450
ISIC_5013822,600,450
ISIC_5015322,600,450
ISIC_5016123,600,450
ISIC_5017355,600,450
ISIC_5018463,600,450
ISIC_5018607,600,450
ISIC_5019119,600,450
ISIC_5019273,600,450
ISIC_5020961,600,450
ISIC_5021319,600,450
ISIC_5022439,600,450
ISIC_5022731,600,450
ISIC_5023550,600,450
ISIC_5026774,600,450
ISIC_5027597,600,450
ISIC_5027796,600,450
ISIC_5029533,600,450
ISIC_5030554,600,450
ISIC_5030934,600,450
ISIC_5030992,600,450
ISIC_5031508,600,450
ISIC_5032675,600,450
ISIC_5033470,600,450
ISIC_5036259,600,450
ISIC_5037023,600,450
ISIC_5037826,600,450
ISIC_5038305,600,450
ISIC_5042080,600,450
ISIC_5042253,600,450
ISIC_5042685,600,450
ISIC_5043276,600,450
ISIC_5043555,600,450
ISIC_5043700,600,450
ISIC_5044856,600,450
ISIC_5047126,600,450
ISIC_5047162,600,450
ISIC_5047383,600,450
ISIC_5049585,600,450
ISIC_5050587,600,450
ISIC_5052804,600,450
ISIC_5053442,600,450
ISIC_5054723,600,450
ISIC_5054841,600,450
ISIC_5054970,600,450
ISIC_5055083,600,450
ISIC_5056247,600,450
ISIC_5056347,600,450
ISIC_5058087,600,450
ISIC_5058400,600,450
ISIC_5058408,600,450
ISIC_5059174,600,450
ISIC_5060422,600,450
ISIC_5062257,600,450
ISIC_5062776,600,450
ISIC_5063002,600,450
ISIC_5063574,600,450
ISIC_5064090,600,450
ISIC_5064865,600,450
ISIC_5065727,600,450
ISIC_5067697,600,450
ISIC_5068413,600,450
ISIC_5070126,600,450
ISIC_5070221,600,450
ISIC_5071145,600,450
ISIC_5072182,600,450
ISIC_5074726,600,450
ISIC_5076582,600,450
ISIC_5076767,600,450
ISIC_5077872,600,450
ISIC_5078639,600,450
ISIC_5079694,600,450
ISIC_5080331,600,450
ISIC_5082399,600,450
ISIC_5083462,600,450
ISIC_5083538,600,450
ISIC_5083671,600,450
ISIC_5083751,600,450
ISIC_5084322,600,450
ISIC_5084418,600,450
ISIC_5084798,600,450
ISIC_5084963,600,450
ISIC_5085980,600,450
ISIC_5086729,600,450
ISIC_5087027,600,450
ISIC_5087561,600,450
ISIC_5089274,600,450
ISIC_5089532,600,450
ISIC_5090480,600,450
ISIC_5091185,600,450
ISIC_5092515,600,450
ISIC_5092532,600,450
ISIC_5092781,600,450
ISIC_5093195,600,450
ISIC_5093287,600,450
ISIC_5093839,600,450
ISIC_5093862,600,450
ISIC_5097119,600,450
ISIC_5097850,600,450
ISIC_5099169,600,450
ISIC_5100065,600,450
ISIC_5101018,600,450
ISIC_5101364,600,450
ISIC_5101807,600,450
ISIC_5103206,600,450
ISIC_5104415,600,450
ISIC_5107821,600,450
ISIC_5110123,600,450
ISIC_5110194,600,450
ISIC_5111361,600,450
ISIC_5115393,600,450
ISIC_5116256,600,450
ISIC_5116537,600,450
ISIC_5116668,600,450
ISIC_5120336,600,450
ISIC_5120362,600,450
ISIC_5121043,600,450
ISIC_5121192,600,450
ISIC_5124607,600,450
ISIC_5126567,600,450
ISIC_5128007,600,450
ISIC_5128167,600,450
ISIC_5128796,600,450
ISIC_5129541,600,450
ISIC_5129863,600,450
ISIC_5132321,600,450
ISIC_5132630,600,450
ISIC_5133092,600,450
ISIC_5134271,600,450
ISIC_5135274,600,450
ISIC_5135443,600,450
ISIC_5135848,600,450
ISIC_5136915,600,450
ISIC_5137393,600,450
ISIC_5137477,600,450
ISIC_5138441,600,450
ISIC_5138739,600,450
ISIC_5139740,600,450
ISIC_5140960,600,450
ISIC_5142210,600,450
ISIC_5144687,600,450
ISIC_5145664,600,450
ISIC_5148533,600,450
ISIC_5149059,600,450
ISIC_5149156,600,450
ISIC_5149324,600,450
ISIC_5149579,600,450
ISIC_5150525,600,450
ISIC_5150740,600,450
ISIC_5151650,600,450
ISIC_5152130,600,450
ISIC_5152492,600,450
ISIC_5156331,600,450
ISIC_5156395,600,450
ISIC_5157183,600,450
ISIC_5157495,600,450
ISIC_5158158,600,450
ISIC_5159139,600,450
ISIC_5159606,600,450
ISIC_5163313,600,450
ISIC_5164012,600,450
ISIC_5164646,600,450
ISIC_5165824,600,450
ISIC_5167204,600,450
ISIC_5168814,600,450
ISIC_5168853,600,450
ISIC_5169938,600,450
ISIC_5171624,600,450
ISIC_5171808,600,450
ISIC_5173097,600,450
ISIC_5173419,600,450
ISIC_5173718,600,450
ISIC_5174175,600,450
ISIC_5174728,600,450
ISIC_5175946,600,450
ISIC_5176734,600,450
ISIC_5177404,600,450
ISIC_5178054,600,450
ISIC_5178949,600,450
ISIC_5179024,600,450
ISIC_5179141,600,450
ISIC_5180185,600,450
ISIC_5180599,600,450
ISIC_5182952,600,450
ISIC_5184106,600,450
ISIC_5185179,600,450
ISIC_5185355,600,450
ISIC_5185588,600,450
ISIC_5186161,600,450
ISIC_5186218,600,450
ISIC_5186409,600,450
ISIC_5187564,600,450
ISIC_5188025,600,450
ISIC_5188621,600,450
ISIC_5191763,600,450
ISIC_5192756,600,450
ISIC_5192807,600,450
ISIC_5192894,600,450
ISIC_5194644,600,450
ISIC_5195959,600,450
ISIC_5197331,600,450
ISIC_5197529,600,450
ISIC_5199166,600,450
ISIC_5200686,600,450
ISIC_5201104,600,450
ISIC_5203019,600,450
ISIC_5203294,600,450
ISIC_5203599,600,450
ISIC_5205572,600,450
ISIC_5205716,600,450
ISIC_5206219,600,450
ISIC_5207549,600,450
ISIC_5208838,600,450
ISIC_5209351,600,450
ISIC_5210175,600,450
ISIC_5212180,600,450
ISIC_5212488,600,450
ISIC_5213096,600,450
ISIC_5213643,600,450
ISIC_5214169,600,450
ISIC_5214703,600,450
ISIC_5216960,600,450
ISIC_5217075,600,450
ISIC_5217912,600,450
ISIC_5218005,600,450
ISIC_5218432,600,450
ISIC_5221340,600,450
ISIC_5223774,600,450
ISIC_5224246,600,450
ISIC_5225765,600,450
ISIC_5227758,600,450
ISIC_5228122,600,450
ISIC_5230169,600,450
ISIC_5230761,600,450
ISIC_5232497,600,450
ISIC_5232516,600,450
ISIC_5233296,600,450
ISIC_5233519,600,450
ISIC_5233869,600,450
ISIC_5235518,600,450
ISIC_5238772,600,450
ISIC_5239106,600,450
ISIC_5240279,600,450
ISIC_5240908,600,450
ISIC_5242109,600,450
ISIC_5242235,600,450
ISIC_5242239,600,450
ISIC_5242567,600,450
ISIC_5243282,600,450
ISIC_5246161,600,450
ISIC_5246163,600,450
ISIC_5246923,600,450
ISIC_5247248,600,450
ISIC_5248965,600,450
ISIC_5249128,600,450
ISIC_5249321,600,450
ISIC_5253456,600,450
ISIC_5253746,600,450
ISIC_5254610,600,450
ISIC_5255131,600,450
ISIC_5258143,600,450
ISIC_5259848,600,450
ISIC_5260184,600,450
ISIC_5261229,600,450
ISIC_5261867,600,450
ISIC_5264230,600,450
ISIC_5266605,600,450
ISIC_5268767,600,450
ISIC_5270147,600,450
ISIC_5271791,600,450
ISIC_5272574,600,450
ISIC_5273681,600,450
ISIC_5274848,600,450
ISIC_5274972,600,450
ISIC_5275192,600,450
ISIC_5276989,600,450
ISIC_5279946,600,450
ISIC_5280186,600,450
ISIC_5280833,600,450
ISIC_5280874,600,450
ISIC_5280916,600,450
ISIC_5281912,600,450
ISIC_5282437,600,450
ISIC_5283239,600,450
ISIC_5284704,600,450
ISIC_5286872,600,450
ISIC_5287761,600,450
ISIC_5287888,600,450
ISIC_5289955,600,450
ISIC_5291074,600,450
ISIC_5291256,600,450
ISIC_5291973,600,450
ISIC_5293815,600,450
ISIC_5294377,600,450
ISIC_5294669,600,450
ISIC_5296244,600,450
ISIC_5296837,600,450
ISIC_5297462,600,450
ISIC_5298476,600,450
ISIC_5298792,600,450
ISIC_5299228,600,450
ISIC_5299723,600,450
ISIC_5301048,600,450
ISIC_5301687,600,450
ISIC_5304804,600,450
ISIC_5305490,600,450
ISIC_5305591,600,450
ISIC_5306039,600,450
ISIC_5306085,600,450
ISIC_5306258,600,450
ISIC_5308020,600,450
ISIC_5308373,600,450
ISIC_5308424,600,450
ISIC_5310379,600,450
ISIC_5310585,600,450
ISIC_5310763,600,450
ISIC_5311382,600,450
ISIC_5312126,600,450
ISIC_5313254,600,450
ISIC_5313507,600,450
ISIC_5314299,600,450
ISIC_5314319,600,450
ISIC_5315022,600,450
ISIC_5315549,600,450
ISIC_5315833,600,450
ISIC_5317598,600,450
ISIC_5318049,600,450
ISIC_5318502,600,450
ISIC_5318655,600,450
ISIC_5319529,600,450
ISIC_5321479,600,450
ISIC_5322852,600,450
ISIC_5323349,600,450
ISIC_5324767,600,450
ISIC_5325202,600,450
ISIC_5325372,600,450
ISIC_5328474,600,450
ISIC_5328520,600,450
ISIC_5329894,600,450
ISIC_5330823,600,450
ISIC_5333979,600,450
ISIC_5334491,600,450
ISIC_5335240,600,450
ISIC_5340961,600,450
ISIC_5341557,600,450
ISIC_5341584,600,450
ISIC_5342805,600,450
ISIC_5342950,600,450
ISIC_5342997,600,450
ISIC_5343449,600,450
ISIC_5343551,600,450
ISIC_5343716,600,450
ISIC_5344273,600,450
ISIC_5345557,600,450
ISIC_5345684,600,450
ISIC_5348732,600,450
ISIC_5349344,600,450
ISIC_5349431,600,450
ISIC_5349810,600,450
ISIC_5350161,600,450
ISIC_5350286,600,450
ISIC_5350988,600,450
ISIC_5352383,600,450
ISIC_5352485,600,450
ISIC_5352626,600,450
ISIC_5353872,600,450
ISIC_5356282,600,450
ISIC_5358212,600,450
ISIC_5360213,600,450
ISIC_5362779,600,450
ISIC_5363218,600,450
ISIC_5364113,600,450
ISIC_5364143,600,450
ISIC_5364900,600,450
ISIC_5366005,600,450
ISIC_5367270,600,450
ISIC_5371928,600,450
ISIC_5372698,600,450
ISIC_5372884,600,450
ISIC_5372934,600,450
ISIC_5373218,600,450
ISIC_5373976,600,450
ISIC_5374944,600,450
ISIC_5376495,600,450
ISIC_5378143,600,450
ISIC_5378715,600,450
ISIC_5378716,600,450
ISIC_5378878,600,450
ISIC_5379619,600,450
ISIC_5380414,600,450
ISIC_5380664,600,450
ISIC_5380715,600,450
ISIC_5381632,600,450
ISIC_5381727,600,450
ISIC_5383160,600,450
ISIC_5383487,600,450
ISIC_5385783,600,450
ISIC_5386166,600,450
ISIC_5386998,600,450
ISIC_5387219,600,450
ISIC_5387790,600,450
ISIC_5390171,600,450
ISIC_5392764,600,450
ISIC_5395930,600,450
ISIC_5395949,600,450
ISIC_5398396,600,450
ISIC_5398617,600,450
ISIC_5398729,600,450
ISIC_5399025,600,450
ISIC_5399116,600,450
ISIC_5399167,600,450
ISIC_5399582,600,450
ISIC_5400013,600,450
ISIC_5402488,600,450
ISIC_5402789,600,450
ISIC_5403535,600,450
ISIC_5403927,600,450
ISIC_5405039,600,450
ISIC_5406249,600,450
ISIC_5406917,600,450
ISIC_5407200,600,450
ISIC_5408628,600,450
ISIC_5409072,600,450
ISIC_5409281,600,450
ISIC_5409428,600,450
ISIC_5410210,600,450
ISIC_5412380,600,450
ISIC_5412550,600,450
ISIC_5413870,600,450
ISIC_5415740,600,450
ISIC_5416645,600,450
ISIC_5416823,600,450
ISIC_5418047,600,450
ISIC_5419605,600,450
ISIC_5420310,600,450
ISIC_5420985,600,450
ISIC_5423101,600,450
ISIC_5424675,600,450
ISIC_5425472,600,450
ISIC_5425962,600,450
ISIC_5426572,600,450
ISIC_5427398,600,450
ISIC_5428941,600,450
ISIC_5430362,600,450
ISIC_5431278,600,450
ISIC_5432141,600,450
ISIC_5433214,600,450
ISIC_5433476,600,450
ISIC_5433961,600,450
ISIC_5434141,600,450
ISIC_5435068,600,450
ISIC_5435390,600,450
ISIC_5436116,600,450
ISIC_5436595,600,450
ISIC_5437238,600,450
ISIC_5438818,600,450
ISIC_5439956,600,450
ISIC_5440216,600,450
ISIC_5440611,600,450
ISIC_5441520,600,450
ISIC_5441652,600,450
ISIC_5442946,600,450
ISIC_5442968,600,450
ISIC_5443014,600,450
ISIC_5443280,600,450
ISIC_5444755,600,450
ISIC_5446350,600,450
ISIC_5447057,600,450
ISIC_5449503,600,450
ISIC_5449756,600,450
ISIC_5450702,600,450
ISIC_5451038,600,450
ISIC_5452534,600,450
ISIC_5452980,600,450
ISIC_5455211,600,450
ISIC_5456124,600,450
ISIC_5456265,600,450
ISIC_5457545,600,450
ISIC_5459597,600,450
ISIC_5460617,600,450
ISIC_5461210,600,450
ISIC_5462275,600,450
ISIC_5463407,600,450
ISIC_5466262,600,450
ISIC_5466448,600,450
ISIC_5466692,600,450
ISIC_5466838,600,450
ISIC_5467966,600,450
ISIC_5469285,600,450
ISIC_5469861,600,450
ISIC_5471903,600,450
ISIC_5472264,600,450
ISIC_5474962,600,450
ISIC_5475497,600,450
ISIC_5475721,600,450
ISIC_5476166,600,450
ISIC_5478943,600,450
ISIC_5479076,600,450
ISIC_5480309,600,450
ISIC_5481679,600,450
ISIC_5483293,600,450
ISIC_5483404,600,450
ISIC_5483548,600,450
ISIC_5483736,600,450
ISIC_5484742,600,450
ISIC_5488940,600,450
ISIC_5489979,600,450
ISIC_5491732,600,450
ISIC_5492973,600,450
ISIC_5493878,600,450
ISIC_5493908,600,450
ISIC_5494355,600,450
ISIC_5494529,600,450
ISIC_5494556,600,450
ISIC_5494808,600,450
ISIC_5495313,600,450
ISIC_5498094,600,450
ISIC_5498605,600,450
ISIC_5499900,600,450
ISIC_5499953,600,450
ISIC_5501232,600,450
ISIC_5501634,600,450
ISIC_5503156,600,450
ISIC_5503515,600,450
ISIC_5508754,600,450
ISIC_5509679,600,450
ISIC_5509823,600,450
ISIC_5510526,600,450
ISIC_5511054,600,450
ISIC_5511326,600,450
ISIC_5511950,600,450
ISIC_5512440,600,450
ISIC_5513367,600,450
ISIC_5513734,600,450
ISIC_5514135,600,450
ISIC_5517161,600,450
ISIC_5517500,600,450
ISIC_5517639,600,450
ISIC_5518035,600,450
ISIC_5518449,600,450
ISIC_5519093,600,450
ISIC_5520243,600,450
ISIC_5521398,600,450
ISIC_5521729,600,450
ISIC_5527533,600,450
ISIC_5527895,600,450
ISIC_5528057,600,450
ISIC_5529151,600,450
ISIC_5529223,600,450
ISIC_5531874,600,450
ISIC_5533850,600,450
ISIC_5534471,600,450
ISIC_5536536,600,450
ISIC_5539676,600,450
ISIC_5539918,600,450
ISIC_5541499,600,450
ISIC_5542359,600,450
ISIC_5542563,600,450
ISIC_5542664,600,450
ISIC_5543636,600,450
ISIC_5543919,600,450
ISIC_5547547,600,450
ISIC_5548095,600,450
ISIC_5550212,600,450
ISIC_5552185,600,450
ISIC_5552359,600,450
ISIC_5552683,600,450
ISIC_5553297,600,450
ISIC_5553426,600,450
ISIC_5553849,600,450
ISIC_5554081,600,450
ISIC_5554902,600,450
ISIC_5555712,600,450
ISIC_5558301,600,450
ISIC_5558490,600,450
ISIC_5559099,600,450
ISIC_5559799,600,450
ISIC_5562336,600,450
ISIC_5562574,600,450
ISIC_5564663,600,450
ISIC_5564889,600,450
ISIC_5566200,600,450
ISIC_5566320,600,450
ISIC_5566852,600,450
ISIC_5567558,600,450
ISIC_5567599,600,450
ISIC_5569473,600,450
ISIC_5570317,600,450
ISIC_5570534,600,450
ISIC_5574831,600,450
ISIC_5579782,600,450
ISIC_5580645,600,450
ISIC_5584851,600,450
ISIC_5584967,600,450
ISIC_5585397,600,450
ISIC_5587236,600,450
ISIC_5588619,600,450
ISIC_5588711,600,450
ISIC_5592478,600,450
ISIC_5594942,600,450
ISIC_5595298,600,450
ISIC_5596458,600,450
ISIC_5597278,600,450
ISIC_5597408,600,450
ISIC_5597650,600,450
ISIC_5602394,600,450
ISIC_5602590,600,450
ISIC_5602626,600,450
ISIC_5602759,600,450
ISIC_5604357,600,450
ISIC_5605119,600,450
ISIC_5605406,600,450
ISIC_5605573,600,450
ISIC_5607139,600,450
ISIC_5607257,600,450
ISIC_5607559,600,450
ISIC_5607642,600,450
ISIC_5607974,600,450
ISIC_5609956,600,450
ISIC_5610942,600,450
ISIC_5612498,600,450
ISIC_5612751,600,450
ISIC_5614068,600,450
ISIC_5614863,600,450
ISIC_5616230,600,450
ISIC_5620414,600,450
ISIC_5620416,600,450
ISIC_5620717,600,450
ISIC_5622324,600,450
ISIC_5622862,600,450
ISIC_5624559,600,450
ISIC_5625173,600,450
ISIC_5626843,600,450
ISIC_5627117,600,450
ISIC_5628874,600,450
ISIC_5629148,600,450
ISIC_5629312,600,450
ISIC_5630379,600,450
ISIC_5632058,600,450
ISIC_5632079,600,450
ISIC_5633193,600,450
ISIC_5634198,600,450
ISIC_5634823,600,450
ISIC_5636046,600,450
ISIC_5638742,600,450
ISIC_5638800,600,450
ISIC_5640000,600,450
ISIC_5641672,600,450
ISIC_5642029,600,450
ISIC_5642271,600,450
ISIC_5643199,600,450
ISIC_5643547,600,450
ISIC_5644081,600,450
ISIC_5645178,600,450
ISIC_5645559,600,450
ISIC_5647228,600,450
ISIC_5647684,600,450
ISIC_5648144,600,450
ISIC_5648712,600,450
ISIC_5649480,600,450
ISIC_5649736,600,450
ISIC_5651049,600,450
ISIC_5653892,600,450
ISIC_5655170,600,450
ISIC_5655393,600,450
ISIC_5656373,600,450
ISIC_5657135,600,450
ISIC_5657346,600,450
ISIC_5657666,600,450
ISIC_5659142,600,450
ISIC_5659521,600,450
ISIC_5660553,600,450
ISIC_5660758,600,450
ISIC_5661142,600,450
ISIC_5661673,600,450
ISIC_5662432,600,450
ISIC_5663141,600,450
ISIC_5664212,600,450
ISIC_5664395,600,450
ISIC_5665171,600,450
ISIC_5665189,600,450
ISIC_5666984,600,450
ISIC_5667513,600,450
ISIC_5667703,600,450
ISIC_5667730,600,450
ISIC_5671011,600,450
ISIC_5671567,600,450
ISIC_5674733,600,450
ISIC_5675115,600,450
ISIC_5675875,600,450
ISIC_5676014,600,450
ISIC_5678147,600,450
ISIC_5678929,600,450
ISIC_5679759,600,450
ISIC_5680223,600,450
ISIC_5680960,600,450
ISIC_5681371,600,450
ISIC_5681698,600,450
ISIC_5682266,600,450
ISIC_5683123,600,450
ISIC_5685120,600,450
ISIC_5686620,600,450
ISIC_5686692,600,450
ISIC_5686739,600,450
ISIC_5688333,600,450
ISIC_5688654,600,450
ISIC_5689234,600,450
ISIC_5689912,600,450
ISIC_5691487,600,450
ISIC_5693691,600,450
ISIC_5695123,600,450
ISIC_5696217,600,450
ISIC_5696393,600,450
ISIC_5696465,600,450
ISIC_5698613,600,450
ISIC_5699349,600,450
ISIC_5701696,600,450
ISIC_5701708,600,450
ISIC_5702669,600,450
ISIC_5703250,600,450
ISIC_5703946,600,450
ISIC_5706380,600,450
ISIC_5706764,600,450
ISIC_5706903,600,450
ISIC_5707338,600,450
ISIC_5707695,600,450
ISIC_5708137,600,450
ISIC_5709229,600,450
ISIC_5709448,600,450
ISIC_5711226,600,450
ISIC_5711940,600,450
ISIC_5713218,600,450
ISIC_5714213,600,450
ISIC_5714368,600,450
ISIC_5714567,600,450
ISIC_5714835,600,450
ISIC_5715952,600,450
ISIC_5715959,600,450
ISIC_5716450,600,450
ISIC_5719893,600,450
ISIC_5720812,600,450
ISIC_5721106,600,450
ISIC_5721122,600,450
ISIC_5721420,600,450
ISIC_5722425,600,450
ISIC_5722582,600,450
ISIC_5723091,600,450
ISIC_5725725,600,450
ISIC_5728005,600,450
ISIC_5728052,600,450
ISIC_5728121,600,450
ISIC_5728294,600,450
ISIC_5728378,600,450
ISIC_5729101,600,450
ISIC_5731785,600,450
ISIC_5736506,600,450
ISIC_5737122,600,450
ISIC_5739264,600,450
ISIC_5739546,600,450
ISIC_5741122,600,450
ISIC_5743197,600,450
ISIC_5744011,600,450
ISIC_5744822,600,450
ISIC_5744902,600,450
ISIC_5745120,600,450
ISIC_5745126,600,450
ISIC_5745809,600,450
ISIC_5745824,600,450
ISIC_5746261,600,450
ISIC_5748062,600,450
ISIC_5748990,600,450
ISIC_5753091,600,450
ISIC_5754710,600,450
ISIC_5756614,600,450
ISIC_5756622,600,450
ISIC_5759990,600,450
ISIC_5760018,600,450
ISIC_5761443,600,450
ISIC_5761656,600,450
ISIC_5761793,600,450
ISIC_5761944,600,450
ISIC_5763228,600,450
ISIC_5763649,600,450
ISIC_5765413,600,450
ISIC_5765489,600,450
ISIC_5766012,600,450
ISIC_5766792,600,450
ISIC_5766997,600,450
ISIC_5767646,600,450
ISIC_5767870,600,450
ISIC_5770369,600,450
ISIC_5772488,600,450
ISIC_5773512,600,450
ISIC_5775199,600,450
ISIC_5776632,600,450
ISIC_5777376,600,450
ISIC_5777416,600,450
ISIC_5778156,600,450
ISIC_5778552,600,450
ISIC_5780488,600,450
ISIC_5780905,600,450
ISIC_5782959,600,450
ISIC_5783163,600,450
ISIC_5783892,600,450
ISIC_5784227,600,450
ISIC_5785000,600,450
ISIC_5785135,600,450
ISIC_5785962,600,450
ISIC_5787263,600,450
ISIC_5787657,600,450
ISIC_5787999,600,450
ISIC_5788717,600,450
ISIC_5788932,600,450
ISIC_5790117,600,450
ISIC_5792555,600,450
ISIC_5792872,600,450
ISIC_5793548,600,450
ISIC_5794441,600,450
ISIC_5795242,600,450
ISIC_5795871,600,450
ISIC_5796545,600,450
ISIC_5798282,600,450
ISIC_5798737,600,450
ISIC_5800499,600,450
ISIC_5801703,600,450
ISIC_5802479,600,450
ISIC_5803437,600,450
ISIC_5804154,600,450
ISIC_5804522,600,450
ISIC_5804674,600,450
ISIC_5806581,600,450
ISIC_5807024,600,450
ISIC_5811144,600,450
ISIC_5813817,600,450
ISIC_5814193,600,450
ISIC_5814633,600,450
ISIC_5817638,600,450
ISIC_5817907,600,450
ISIC_5818083,600,450
ISIC_5819591,600,450
ISIC_5820253,600,450
ISIC_5821583,600,450
ISIC_5822186,600,450
ISIC_5823053,600,450
ISIC_5824457,600,450
ISIC_5825703,600,450
ISIC_5826859,600,450
ISIC_5826969,600,450
ISIC_5828606,600,450
ISIC_5829304,600,450
ISIC_5829840,600,450
ISIC_5830124,600,450
ISIC_5830376,600,450
ISIC_5831158,600,450
ISIC_5832081,600,450
ISIC_5833236,600,450
ISIC_5833579,600,450
ISIC_5833727,600,450
ISIC_5834421,600,450
ISIC_5835110,600,450
ISIC_5835836,600,450
ISIC_5835958,600,450
ISIC_5836006,600,450
ISIC_5836698,600,450
ISIC_5836740,600,450
ISIC_5836804,600,450
ISIC_5837451,600,450
ISIC_5838920,600,450
ISIC_5838991,600,450
ISIC_5840837,600,450
ISIC_5841367,600,450
ISIC_5841767,600,450
ISIC_5841896,600,450
ISIC_5842417,600,450
ISIC_5842460,600,450
ISIC_5844410,600,450
ISIC_5845284,600,450
ISIC_5846378,600,450
ISIC_5846820,600,450
ISIC_5850185,600,450
ISIC_5850719,600,450
ISIC_5854998,600,450
ISIC_5855684,600,450
ISIC_5856068,600,450
ISIC_5856786,600,450
ISIC_5862938,600,450
ISIC_5863020,600,450
ISIC_5863516,600,450
ISIC_5863762,600,450
ISIC_5866382,600,450
ISIC_5866736,600,450
ISIC_5866836,600,450
ISIC_5867806,600,450
ISIC_5868168,600,450
ISIC_5870525,600,450
ISIC_5871089,600,450
ISIC_5872506,600,450
ISIC_5873094,600,450
ISIC_5873586,600,450
ISIC_5874846,600,450
ISIC_5874977,600,450
ISIC_5876786,600,450
ISIC_5879011,600,450
ISIC_5879809,600,450
ISIC_5880013,600,450
ISIC_5881121,600,450
ISIC_5881643,600,450
ISIC_5883189,600,450
ISIC_5885112,600,450
ISIC_5888492,600,450
ISIC_5889637,600,450
ISIC_5889858,600,450
ISIC_5891194,600,450
ISIC_5891979,600,450
ISIC_5892185,600,450
ISIC_5892371,600,450
ISIC_5892391,600,450
ISIC_5892763,600,450
ISIC_5893482,600,450
ISIC_5893703,600,450
ISIC_5894257,600,450
ISIC_5896495,600,450
ISIC_5896651,600,450
ISIC_5897869,600,450
ISIC_5898651,600,450
ISIC_5899712,600,450
ISIC_5901264,600,450
ISIC_5901436,600,450
ISIC_5902397,600,450
ISIC_5902730,600,450
ISIC_5903044,600,450
ISIC_5903611,600,450
ISIC_5903776,600,450
ISIC_5904770,600,450
ISIC_5906534,600,450
ISIC_5908271,600,450
ISIC_5909840,600,450
ISIC_5912360,600,450
ISIC_5913482,600,450
ISIC_5913999,600,450
ISIC_5916190,600,450
ISIC_5918971,600,450
ISIC_5920610,600,450
ISIC_5921357,600,450
ISIC_5922496,600,450
ISIC_5923153,600,450
ISIC_5923228,600,450
ISIC_5923764,600,450
ISIC_5923799,600,450
ISIC_5924611,600,450
ISIC_5925251,600,450
ISIC_5925439,600,450
ISIC_5925562,600,450
ISIC_5927575,600,450
ISIC_5930151,600,450
ISIC_5930303,600,450
ISIC_5930904,600,450
ISIC_5932619,600,450
ISIC_5932820,600,450
ISIC_5933216,600,450
ISIC_5933489,600,450
ISIC_5933605,600,450
ISIC_5933645,600,450
ISIC_5934405,600,450
ISIC_5935086,600,450
ISIC_5936023,600,450
ISIC_5936623,600,450
ISIC_5937588,600,450
ISIC_5938313,600,450
ISIC_5938890,600,450
ISIC_5943320,600,450
ISIC_5943733,600,450
ISIC_5944362,600,450
ISIC_5944719,600,450
ISIC_5947061,600,450
ISIC_5947091,600,450
ISIC_5947102,600,450
ISIC_5947248,600,450
ISIC_5947742,600,450
ISIC_5949139,600,450
ISIC_5950652,600,450
ISIC_5951892,600,450
ISIC_5953259,600,450
ISIC_5953692,600,450
ISIC_5953696,600,450
ISIC_5954681,600,450
ISIC_5957176,600,450
ISIC_5958284,600,450
ISIC_5959720,600,450
ISIC_5959727,600,450
ISIC_5960820,600,450
ISIC_5962154,600,450
ISIC_5962509,600,450
ISIC_5962854,600,450
ISIC_5962932,600,450
ISIC_5963071,600,450
ISIC_5963269,600,450
ISIC_5965144,600,450
ISIC_5966582,600,450
ISIC_5966811,600,450
ISIC_5967560,600,450
ISIC_5967889,600,450
ISIC_5967951,600,450
ISIC_5968779,600,450
ISIC_5972709,600,450
ISIC_5973129,600,450
ISIC_5975267,600,450
ISIC_5975949,600,450
ISIC_5977035,600,450
ISIC_5977103,600,450
ISIC_5977837,600,450
ISIC_5978873,600,450
ISIC_5979125,600,450
ISIC_5979628,600,450
ISIC_5980977,600,450
ISIC_5981777,600,450
ISIC_5983030,600,450
ISIC_5984406,600,450
ISIC_5984628,600,450
ISIC_5984979,600,450
ISIC_5985397,600,450
ISIC_5985462,600,450
ISIC_5986238,600,450
ISIC_5986993,600,450
ISIC_5987390,600,450
ISIC_5989590,600,450
ISIC_5990006,600,450
ISIC_5991571,600,450
ISIC_5992256,600,450
ISIC_5992562,600,450
ISIC_5993206,600,450
ISIC_5993711,600,450
ISIC_5993743,600,450
ISIC_5994355,600,450
ISIC_5995507,600,450
ISIC_5995935,600,450
ISIC_5996604,600,450
ISIC_5996846,600,450
ISIC_5997052,600,450
ISIC_5997076,600,450
ISIC_5997631,600,450
ISIC_5997924,600,450
ISIC_5998955,600,450
ISIC_5999967,600,450
ISIC_6001166,600,450
ISIC_6002261,600,450
ISIC_6002458,600,450
ISIC_6003134,600,450
ISIC_6005450,600,450
ISIC_6005822,600,450
ISIC_6005871,600,450
ISIC_6006215,600,450
ISIC_6007784,600,450
ISIC_6008036,600,450
ISIC_6013412,600,450
ISIC_6013907,600,450
ISIC_6015386,600,450
ISIC_6016454,600,450
ISIC_6020001,600,450
ISIC_6022197,600,450
ISIC_6023245,600,450
ISIC_6023488,600,450
ISIC_6023822,600,450
ISIC_6025998,600,450
ISIC_6026183,600,450
ISIC_6026220,600,450
ISIC_6026324,600,450
ISIC_6027594,600,450
ISIC_6028688,600,450
ISIC_6031825,600,450
ISIC_6033339,600,450
ISIC_6033345,600,450
ISIC_6033449,600,450
ISIC_6036586,600,450
ISIC_6037847,600,450
ISIC_6038041,600,450
ISIC_6038047,600,450
ISIC_6038213,600,450
ISIC_6038731,600,450
ISIC_6039070,600,450
ISIC_6039074,600,450
ISIC_6041310,600,450
ISIC_6042297,600,450
ISIC_6043504,600,450
ISIC_6043617,600,450
ISIC_6043649,600,450
ISIC_6043805,600,450
ISIC_6044114,600,450
ISIC_6044250,600,450
ISIC_6044458,600,450
ISIC_6044977,600,450
ISIC_6044984,600,450
ISIC_6045266,600,450
ISIC_6045854,600,450
ISIC_6046943,600,450
ISIC_6047038,600,450
ISIC_6047898,600,450
ISIC_6048736,600,450
ISIC_6048752,600,450
ISIC_6050192,600,450
ISIC_6053581,600,450
ISIC_6055280,600,450
ISIC_6056059,600,450
ISIC_6058576,600,450
ISIC_6059802,600,450
ISIC_6061665,600,450
ISIC_6062128,600,450
ISIC_6063074,600,450
ISIC_6063897,600,450
ISIC_6063928,600,450
ISIC_6065573,600,450
ISIC_6069821,600,450
ISIC_6070426,600,450
ISIC_6070480,600,450
ISIC_6070696,600,450
ISIC_6072439,600,450
ISIC_6072797,600,450
ISIC_6074237,600,450
ISIC_6074880,600,450
ISIC_6076049,600,450
ISIC_6076241,600,450
ISIC_6076269,600,450
ISIC_6077125,600,450
ISIC_6078508,600,450
ISIC_6078907,600,450
ISIC_6078911,600,450
ISIC_6078993,600,450
ISIC_6079632,600,450
ISIC_6080382,600,450
ISIC_6082679,600,450
ISIC_6083072,600,450
ISIC_6085286,600,450
ISIC_6087081,600,450
ISIC_6089148,600,450
ISIC_6089668,600,450
ISIC_6092124,600,450
ISIC_6093126,600,450
ISIC_6097869,600,450
ISIC_6098668,600,450
ISIC_6101727,600,450
ISIC_6104937,600,450
ISIC_6106457,600,450
ISIC_6110252,600,450
ISIC_6110952,600,450
ISIC_6111856,600,450
ISIC_6112801,600,450
ISIC_6112946,600,450
ISIC_6113465,600,450
ISIC_6114177,600,450
ISIC_6114272,600,450
ISIC_6115342,600,450
ISIC_6115571,600,450
ISIC_6115749,600,450
ISIC_6116093,600,450
ISIC_6119301,600,450
ISIC_6119319,600,450
ISIC_6119517,600,450
ISIC_6119847,600,450
ISIC_6120702,600,450
ISIC_6121019,600,450
ISIC_6121310,600,450
ISIC_6122024,600,450
ISIC_6123621,600,450
ISIC_6123844,600,450
ISIC_6124320,600,450
ISIC_6125353,600,450
ISIC_6125719,600,450
ISIC_6129735,600,450
ISIC_6130175,600,450
ISIC_6131855,600,450
ISIC_6133264,600,450
ISIC_6134081,600,450
ISIC_6135860,600,450
ISIC_6136291,600,450
ISIC_6137075,600,450
ISIC_6138103,600,450
ISIC_6138256,600,450
ISIC_6138743,600,450
ISIC_6141128,600,450
ISIC_6141356,600,450
ISIC_6142601,600,450
ISIC_6142928,600,450
ISIC_6144096,600,450
ISIC_6144246,600,450
ISIC_6145727,600,450
ISIC_6151299,600,450
ISIC_6155449,600,450
ISIC_6158597,600,450
ISIC_6160419,600,450
ISIC_6161217,600,450
ISIC_6161362,600,450
ISIC_6161975,600,450
ISIC_6162564,600,450
ISIC_6162714,600,450
ISIC_6163759,600,450
ISIC_6164551,600,450
ISIC_6166836,600,450
ISIC_6167082,600,450
ISIC_6167270,600,450
ISIC_6167402,600,450
ISIC_6167789,600,450
ISIC_6168154,600,450
ISIC_6168277,600,450
ISIC_6168958,600,450
ISIC_6169732,600,450
ISIC_6170751,600,450
ISIC_6170894,600,450
ISIC_6171480,600,450
ISIC_6171588,600,450
ISIC_6173661,600,450
ISIC_6173678,600,450
ISIC_6174823,600,450
ISIC_6175134,600,450
ISIC_6175375,600,450
ISIC_6175607,600,450
ISIC_6175610,600,450
ISIC_6176256,600,450
ISIC_6176939,600,450
ISIC_6177577,600,450
ISIC_6178342,600,450
ISIC_6181244,600,450
ISIC_6181707,600,450
ISIC_6182960,600,450
ISIC_6183115,600,450
ISIC_6183477,600,450
ISIC_6186797,600,450
ISIC_6187812,600,450
ISIC_6190061,600,450
ISIC_6190757,600,450
ISIC_6190923,600,450
ISIC_6191034,600,450
ISIC_6191797,600,450
ISIC_6192197,600,450
ISIC_6193525,600,450
ISIC_6193755,600,450
ISIC_6193935,600,450
ISIC_6194754,600,450
ISIC_6195452,600,450
ISIC_6195604,600,450
ISIC_6196224,600,450
ISIC_6196546,600,450
ISIC_6201208,600,450
ISIC_6202224,600,450
ISIC_6208118,600,450
ISIC_6210274,600,450
ISIC_6212007,600,450
ISIC_6212400,600,450
ISIC_6212964,600,450
ISIC_6213875,600,450
ISIC_6214078,600,450
ISIC_6214871,600,450
ISIC_6216289,600,450
ISIC_6216368,600,450
ISIC_6217593,600,450
ISIC_6217625,600,450
ISIC_6218940,600,450
ISIC_6221334,600,450
ISIC_6221556,600,450
ISIC_6221926,600,450
ISIC_6222224,600,450
ISIC_6222747,600,450
ISIC_6227786,600,450
ISIC_6227794,600,450
ISIC_6228708,600,450
ISIC_6230570,600,450
ISIC_6234798,600,450
ISIC_6235050,600,450
ISIC_6236484,600,450
ISIC_6236784,600,450
ISIC_6239096,600,450
ISIC_6239365,600,450
ISIC_6240958,600,450
ISIC_6241374,600,450
ISIC_6241508,600,450
ISIC_6241776,600,450
ISIC_6242060,600,450
ISIC_6242110,600,450
ISIC_6245930,600,450
ISIC_6246107,600,450
ISIC_6246297,600,450
ISIC_6248808,600,450
ISIC_6250101,600,450
ISIC_6250232,600,450
ISIC_6250586,600,450
ISIC_6252155,600,450
ISIC_6252442,600,450
ISIC_6252730,600,450
ISIC_6254065,600,450
ISIC_6254946,600,450
ISIC_6256140,600,450
ISIC_6259246,600,450
ISIC_6260438,600,450
ISIC_6261700,600,450
ISIC_6262662,600,450
ISIC_6271290,600,450
ISIC_6272354,600,450
ISIC_6272878,600,450
ISIC_6274759,600,450
ISIC_6276225,600,450
ISIC_6277878,600,450
ISIC_6277936,600,450
ISIC_6278796,600,450
ISIC_6278944,600,450
ISIC_6279832,600,450
ISIC_6280109,600,450
ISIC_6285261,600,450
ISIC_6285557,600,450
ISIC_6287649,600,450
ISIC_6287939,600,450
ISIC_6288293,600,450
ISIC_6289625,600,450
ISIC_6289650,600,450
ISIC_6290373,600,450
ISIC_6290458,600,450
ISIC_6291927,600,450
ISIC_6292733,600,450
ISIC_6293492,600,450
ISIC_6294166,600,450
ISIC_6294381,600,450
ISIC_6295397,600,450
ISIC_6296087,600,450
ISIC_6297552,600,450
ISIC_6297733,600,450
ISIC_6298290,600,450
ISIC_6300467,600,450
ISIC_6300729,600,450
ISIC_6303124,600,450
ISIC_6303187,600,450
ISIC_6303646,600,450
ISIC_6305309,600,450
ISIC_6305500,600,450
ISIC_6306620,600,450
ISIC_6311996,600,450
ISIC_6312254,600,450
ISIC_6312345,600,450
ISIC_6313303,600,450
ISIC_6314287,600,450
ISIC_6314890,600,450
ISIC_6315101,600,450
ISIC_6315760,600,450
ISIC_6317276,600,450
ISIC_6318069,600,450
ISIC_6318075,600,450
ISIC_6318524,600,450
ISIC_6319452,600,450
ISIC_6320048,600,450
ISIC_6321631,600,450
ISIC_6323263,600,450
ISIC_6325623,600,450
ISIC_6327414,600,450
ISIC_6327728,600,450
ISIC_6327820,600,450
ISIC_6328753,600,450
ISIC_6328900,600,450
ISIC_6330968,600,450
ISIC_6332308,600,450
ISIC_6333133,600,450
ISIC_6333987,600,450
ISIC_6334226,600,450
ISIC_6335160,600,450
ISIC_6335386,600,450
ISIC_6336489,600,450
ISIC_6336649,600,450
ISIC_6337323,600,450
ISIC_6338368,600,450
ISIC_6339347,600,450
ISIC_6340932,600,450
ISIC_6342177,600,450
ISIC_6343807,600,450
ISIC_6344855,600,450
ISIC_6345022,600,450
ISIC_6347418,600,450
ISIC_6347449,600,450
ISIC_6347753,600,450
ISIC_6348068,600,450
ISIC_6349110,600,450
ISIC_6349779,600,450
ISIC_6350988,600,450
ISIC_6351671,600,450
ISIC_6352343,600,450
ISIC_6353654,600,450
ISIC_6354001,600,450
ISIC_6355154,600,450
ISIC_6356372,600,450
ISIC_6356942,600,450
ISIC_6357740,600,450
ISIC_6358122,600,450
ISIC_6358411,600,450
ISIC_6358504,600,450
ISIC_6359039,600,450
ISIC_6360071,600,450
ISIC_6361233,600,450
ISIC_6361677,600,450
ISIC_6362082,600,450
ISIC_6362619,600,450
ISIC_6363175,600,450
ISIC_6363473,600,450
ISIC_6364449,600,450
ISIC_6365045,600,450
ISIC_6365088,600,450
ISIC_6365827,600,450
ISIC_6365981,600,450
ISIC_6366299,600,450
ISIC_6366384,600,450
ISIC_6366558,600,450
ISIC_6367091,600,450
ISIC_6367931,600,450
ISIC_6368553,600,450
ISIC_6368798,600,450
ISIC_6369423,600,450
ISIC_6372109,600,450
ISIC_6372573,600,450
ISIC_6373409,600,450
ISIC_6374674,600,450
ISIC_6376058,600,450
ISIC_6376325,600,450
ISIC_6376654,600,450
ISIC_6378396,600,450
ISIC_6383214,600,450
ISIC_6383216,600,450
ISIC_6384870,600,450
ISIC_6385276,600,450
ISIC_6385484,600,450
ISIC_6387236,600,450
ISIC_6389005,600,450
ISIC_6389514,600,450
ISIC_6391608,600,450
ISIC_6391693,600,450
ISIC_6393409,600,450
ISIC_6394582,600,450
ISIC_6396169,600,450
ISIC_6400148,600,450
ISIC_6401647,600,450
ISIC_6402697,600,450
ISIC_6402943,600,450
ISIC_6403341,600,450
ISIC_6404972,600,450
ISIC_6405078,600,450
ISIC_6405109,600,450
ISIC_6405124,600,450
ISIC_6408424,600,450
ISIC_6409368,600,450
ISIC_6409954,600,450
ISIC_6412771,600,450
ISIC_6415417,600,450
ISIC_6416950,600,450
ISIC_6417102,600,450
ISIC_6417205,600,450
ISIC_6418734,600,450
ISIC_6419369,600,450
ISIC_6420151,600,450
ISIC_6421085,600,450
ISIC_6421198,600,450
ISIC_6422570,600,450
ISIC_6423450,600,450
ISIC_6424694,600,450
ISIC_6425898,600,450
ISIC_6428004,600,450
ISIC_6428132,600,450
ISIC_6428254,600,450
ISIC_6428825,600,450
ISIC_6428982,600,450
ISIC_6429343,600,450
ISIC_6433212,600,450
ISIC_6433757,600,450
ISIC_6434822,600,450
ISIC_6435029,600,450
ISIC_6435462,600,450
ISIC_6437956,600,450
ISIC_6438673,600,450
ISIC_6440668,600,450
ISIC_6442452,600,450
ISIC_6444211,600,450
ISIC_6444803,600,450
ISIC_6447813,600,450
ISIC_6449173,600,450
ISIC_6450883,600,450
ISIC_6450911,600,450
ISIC_6451061,600,450
ISIC_6451701,600,450
ISIC_6453932,600,450
ISIC_6454913,600,450
ISIC_6455103,600,450
ISIC_6455546,600,450
ISIC_6455558,600,450
ISIC_6457111,600,450
ISIC_6457249,600,450
ISIC_6457838,600,450
ISIC_6458495,600,450
ISIC_6458884,600,450
ISIC_6460339,600,450
ISIC_6461356,600,450
ISIC_6462791,600,450
ISIC_6465036,600,450
ISIC_6465119,600,450
ISIC_6465943,600,450
ISIC_6467453,600,450
ISIC_6467881,600,450
ISIC_6467926,600,450
ISIC_6469024,600,450
ISIC_6469131,600,450
ISIC_6469847,600,450
ISIC_6470630,600,450
ISIC_6473978,600,450
ISIC_6475371,600,450
ISIC_6475622,600,450
ISIC_6476734,600,450
ISIC_6477645,600,450
ISIC_6479651,600,450
ISIC_6480143,600,450
ISIC_6480550,600,450
ISIC_6481562,600,450
ISIC_6483899,600,450
ISIC_6484434,600,450
ISIC_6484641,600,450
ISIC_6484898,600,450
ISIC_6484938,600,450
ISIC_6485726,600,450
ISIC_6485921,600,450
ISIC_6486344,600,450
ISIC_6486784,600,450
ISIC_6487282,600,450
ISIC_6488682,600,450
ISIC_6491504,600,450
ISIC_6491752,600,450
ISIC_6492760,600,450
ISIC_6494733,600,450
ISIC_6499536,600,450
ISIC_6500642,600,450
ISIC_6503533,600,450
ISIC_6503857,600,450
ISIC_6505724,600,450
ISIC_6506817,600,450
ISIC_6508139,600,450
ISIC_6508531,600,450
ISIC_6508737,600,450
ISIC_6511262,600,450
ISIC_6511897,600,450
ISIC_6513947,600,450
ISIC_6513986,600,450
ISIC_6517004,600,450
ISIC_6517752,600,450
ISIC_6517818,600,450
ISIC_6518344,600,450
ISIC_6519570,600,450
ISIC_6521283,600,450
ISIC_6522135,600,450
ISIC_6523987,600,450
ISIC_6524360,600,450
ISIC_6527571,600,450
ISIC_6529382,600,450
ISIC_6529674,600,450
ISIC_6532286,600,450
ISIC_6533290,600,450
ISIC_6533664,600,450
ISIC_6534601,600,450
ISIC_6535679,600,450
ISIC_6537586,600,450
ISIC_6537636,600,450
ISIC_6538108,600,450
ISIC_6538197,600,450
ISIC_6538645,600,450
ISIC_6539237,600,450
ISIC_6539281,600,450
ISIC_6543284,600,450
ISIC_6544356,600,450
ISIC_6545015,600,450
ISIC_6545294,600,450
ISIC_6546601,600,450
ISIC_6548664,600,450
ISIC_6548919,600,450
ISIC_6550385,600,450
ISIC_6550491,600,450
ISIC_6550575,600,450
ISIC_6550801,600,450
ISIC_6551027,600,450
ISIC_6551157,600,450
ISIC_6551749,600,450
ISIC_6552603,600,450
ISIC_6553055,600,450
ISIC_6555872,600,450
ISIC_6556418,600,450
ISIC_6558065,600,450
ISIC_6558326,600,450
ISIC_6559313,600,450
ISIC_6560005,600,450
ISIC_6561654,600,450
ISIC_6562442,600,450
ISIC_6562880,600,450
ISIC_6562927,600,450
ISIC_6563482,600,450
ISIC_6563965,600,450
ISIC_6564259,600,450
ISIC_6565806,600,450
ISIC_6566236,600,450
ISIC_6566937,600,450
ISIC_6566959,600,450
ISIC_6567490,600,450
ISIC_6568898,600,450
ISIC_6569850,600,450
ISIC_6571694,600,450
ISIC_6573003,600,450
ISIC_6573433,600,450
ISIC_6573445,600,450
ISIC_6576436,600,450
ISIC_6576845,600,450
ISIC_6576920,600,450
ISIC_6578156,600,450
ISIC_6579356,600,450
ISIC_6580142,600,450
ISIC_6580622,600,450
ISIC_6580770,600,450
ISIC_6581346,600,450
ISIC_6581571,600,450
ISIC_6581608,600,450
ISIC_6582004,600,450
ISIC_6583245,600,450
ISIC_6583340,600,450
ISIC_6583732,600,450
ISIC_6584815,600,450
ISIC_6587157,600,450
ISIC_6588275,600,450
ISIC_6588395,600,450
ISIC_6588483,600,450
ISIC_6589696,600,450
ISIC_6590195,600,450
ISIC_6590453,600,450
ISIC_6590580,600,450
ISIC_6591439,600,450
ISIC_6593095,600,450
ISIC_6593403,600,450
ISIC_6595206,600,450
ISIC_6595434,600,450
ISIC_6595713,600,450
ISIC_6596926,600,450
ISIC_6597463,600,450
ISIC_6597735,600,450
ISIC_6598411,600,450
ISIC_6598962,600,450
ISIC_6600474,600,450
ISIC_6600475,600,450
ISIC_6601126,600,450
ISIC_6601890,600,450
ISIC_6602302,600,450
ISIC_6603218,600,450
ISIC_6603451,600,450
ISIC_6603709,600,450
ISIC_6605295,600,450
ISIC_6606816,600,450
ISIC_6608996,600,450
ISIC_6609894,600,450
ISIC_6610991,600,450
ISIC_6611061,600,450
ISIC_6612352,600,450
ISIC_6612848,600,450
ISIC_6613152,600,450
ISIC_6614371,600,450
ISIC_6614498,600,450
ISIC_6615782,600,450
ISIC_6616937,600,450
ISIC_6617227,600,450
ISIC_6618250,600,450
ISIC_6620223,600,450
ISIC_6622403,600,450
ISIC_6623298,600,450
ISIC_6625178,600,450
ISIC_6625361,600,450
ISIC_6625754,600,450
ISIC_6626242,600,450
ISIC_6629495,600,450
ISIC_6629742,600,450
ISIC_6630088,600,450
ISIC_6631462,600,450
ISIC_6634268,600,450
ISIC_6634769,600,450
ISIC_6635963,600,450
ISIC_6636694,600,450
ISIC_6638137,600,450
ISIC_6638374,600,450
ISIC_6638547,600,450
ISIC_6639016,600,450
ISIC_6639957,600,450
ISIC_6640040,600,450
ISIC_6640885,600,450
ISIC_6642031,600,450
ISIC_6642568,600,450
ISIC_6642775,600,450
ISIC_6645684,600,450
ISIC_6646415,600,450
ISIC_6648449,600,450
ISIC_6648628,600,450
ISIC_6650890,600,450
ISIC_6651888,600,450
ISIC_6653326,600,450
ISIC_6653595,600,450
ISIC_6654586,600,450
ISIC_6655070,600,450
ISIC_6657446,600,450
ISIC_6657890,600,450
ISIC_6657999,600,450
ISIC_6660770,600,450
ISIC_6662978,600,450
ISIC_6664237,600,450
ISIC_6664385,600,450
ISIC_6665062,600,450
ISIC_6667520,600,450
ISIC_6669060,600,450
ISIC_6670414,600,450
ISIC_6671359,600,450
ISIC_6672065,600,450
ISIC_6674353,600,450
ISIC_6676782,600,450
ISIC_6677597,600,450
ISIC_6678187,600,450
ISIC_6679416,600,450
ISIC_6679588,600,450
ISIC_6681430,600,450
ISIC_6684563,600,450
ISIC_6685057,600,450
ISIC_6685424,600,450
ISIC_6685680,600,450
ISIC_6687699,600,450
ISIC_6688178,600,450
ISIC_6689453,600,450
ISIC_6690222,600,450
ISIC_6691035,600,450
ISIC_6691676,600,450
ISIC_6693050,600,450
ISIC_6693138,600,450
ISIC_6694775,600,450
ISIC_6698584,600,450
ISIC_6698671,600,450
ISIC_6698922,600,450
ISIC_6699542,600,450
ISIC_6699904,600,450
ISIC_6700837,600,450
ISIC_6703068,600,450
ISIC_6703202,600,450
ISIC_6704553,600,450
ISIC_6704813,600,450
ISIC_6705014,600,450
ISIC_6705033,600,450
ISIC_6705073,600,450
ISIC_6705181,600,450
ISIC_6705726,600,450
ISIC_6706263,600,450
ISIC_6707935,600,450
ISIC_6708834,600,450
ISIC_6710161,600,450
ISIC_6712731,600,450
ISIC_6712916,600,450
ISIC_6713718,600,450
ISIC_6713938,600,450
ISIC_6714325,600,450
ISIC_6715416,600,450
ISIC_6716486,600,450
ISIC_6717021,600,450
ISIC_6717455,600,450
ISIC_6719081,600,450
ISIC_6720006,600,450
ISIC_6720121,600,450
ISIC_6724521,600,450
ISIC_6725643,600,450
ISIC_6725841,600,450
ISIC_6728668,600,450
ISIC_6730312,600,450
ISIC_6730946,600,450
ISIC_6731532,600,450
ISIC_6731947,600,450
ISIC_6733219,600,450
ISIC_6735110,600,450
ISIC_6736703,600,450
ISIC_6738813,600,450
ISIC_6738908,600,450
ISIC_6739483,600,450
ISIC_6739511,600,450
ISIC_6744907,600,450
ISIC_6745607,600,450
ISIC_6746042,600,450
ISIC_6746536,600,450
ISIC_6747251,600,450
ISIC_6747832,600,450
ISIC_6747902,600,450
ISIC_6747915,600,450
ISIC_6748152,600,450
ISIC_6748737,600,450
ISIC_6748961,600,450
ISIC_6749742,600,450
ISIC_6751355,600,450
ISIC_6751695,600,450
ISIC_6752467,600,450
ISIC_6753928,600,450
ISIC_6754024,600,450
ISIC_6754150,600,450
ISIC_6755281,600,450
ISIC_6756079,600,450
ISIC_6757914,600,450
ISIC_6759359,600,450
ISIC_6760472,600,450
ISIC_6760541,600,450
ISIC_6761603,600,450
ISIC_6761948,600,450
ISIC_6765536,600,450
ISIC_6765907,600,450
ISIC_6767738,600,450
ISIC_6769979,600,450
ISIC_6770901,600,450
ISIC_6771167,600,450
ISIC_6771998,600,450
ISIC_6773425,600,450
ISIC_6773668,600,450
ISIC_6775433,600,450
ISIC_6775663,600,450
ISIC_6777374,600,450
ISIC_6780849,600,450
ISIC_6780966,600,450
ISIC_6781208,600,450
ISIC_6782031,600,450
ISIC_6782350,600,450
ISIC_6783253,600,450
ISIC_6784471,600,450
ISIC_6785657,600,450
ISIC_6786577,600,450
ISIC_6787367,600,450
ISIC_6788333,600,450
ISIC_6788918,600,450
ISIC_6789387,600,450
ISIC_6790299,600,450
ISIC_6790517,600,450
ISIC_6791466,600,450
ISIC_6792624,600,450
ISIC_6795403,600,450
ISIC_6795963,600,450
ISIC_6796955,600,450
ISIC_6801081,600,450
ISIC_6803790,600,450
ISIC_6806266,600,450
ISIC_6806797,600,450
ISIC_6806931,600,450
ISIC_6810372,600,450
ISIC_6810466,600,450
ISIC_6814138,600,450
ISIC_6818303,600,450
ISIC_6818815,600,450
ISIC_6819573,600,450
ISIC_6819805,600,450
ISIC_6820101,600,450
ISIC_6822533,600,450
ISIC_6823624,600,450
ISIC_6823826,600,450
ISIC_6824445,600,450
ISIC_6825359,600,450
ISIC_6827856,600,450
ISIC_6827974,600,450
ISIC_6829175,600,450
ISIC_6831182,600,450
ISIC_6831651,600,450
ISIC_6831946,600,450
ISIC_6833525,600,450
ISIC_6834207,600,450
ISIC_6835241,600,450
ISIC_6838452,600,450
ISIC_6838890,600,450
ISIC_6841057,600,450
ISIC_6842250,600,450
ISIC_6842565,600,450
ISIC_6842700,600,450
ISIC_6843004,600,450
ISIC_6843700,600,450
ISIC_6844081,600,450
ISIC_6845294,600,450
ISIC_6846051,600,450
ISIC_6846246,600,450
ISIC_6847081,600,450
ISIC_6847930,600,450
ISIC_6849103,600,450
ISIC_6851212,600,450
ISIC_6852771,600,450
ISIC_6853529,600,450
ISIC_6854604,600,450
ISIC_6854833,600,450
ISIC_6855467,600,450
ISIC_6856028,600,450
ISIC_6857013,600,450
ISIC_6857782,600,450
ISIC_6860247,600,450
ISIC_6860570,600,450
ISIC_6860942,600,450
ISIC_6861920,600,450
ISIC_6862130,600,450
ISIC_6862838,600,450
ISIC_6863789,600,450
ISIC_6863904,600,450
ISIC_6866299,600,450
ISIC_6866490,600,450
ISIC_6869534,600,450
ISIC_6871088,600,450
ISIC_6872166,600,450
ISIC_6872189,600,450
ISIC_6873786,600,450
ISIC_6874373,600,450
ISIC_6874595,600,450
ISIC_6875256,600,450
ISIC_6875407,600,450
ISIC_6875484,600,450
ISIC_6877985,600,450
ISIC_6881361,600,450
ISIC_6881589,600,450
ISIC_6881975,600,450
ISIC_6881977,600,450
ISIC_6883494,600,450
ISIC_6884836,600,450
ISIC_6886017,600,450
ISIC_6886169,600,450
ISIC_6886883,600,450
ISIC_6887594,600,450
ISIC_6888436,600,450
ISIC_6890394,600,450
ISIC_6890536,600,450
ISIC_6891841,600,450
ISIC_6892423,600,450
ISIC_6893384,600,450
ISIC_6895047,600,450
ISIC_6895079,600,450
ISIC_6896664,600,450
ISIC_6897010,600,450
ISIC_6898183,600,450
ISIC_6899811,600,450
ISIC_6900216,600,450
ISIC_6900639,600,450
ISIC_6900958,600,450
ISIC_6901509,600,450
ISIC_6901642,600,450
ISIC_6904480,600,450
ISIC_6904950,600,450
ISIC_6905596,600,450
ISIC_6906027,600,450
ISIC_6906298,600,450
ISIC_6907436,600,450
ISIC_6908533,600,450
ISIC_6908565,600,450
ISIC_6909525,600,450
ISIC_6910029,600,450
ISIC_6910330,600,450
ISIC_6914066,600,450
ISIC_6914336,600,450
ISIC_6914473,600,450
ISIC_6915298,600,450
ISIC_6918071,600,450
ISIC_6919219,600,450
ISIC_6919900,600,450
ISIC_6921970,600,450
ISIC_6924218,600,450
ISIC_6925418,600,450
ISIC_6926304,600,450
ISIC_6927702,600,450
ISIC_6930203,600,450
ISIC_6931788,600,450
ISIC_6932479,600,450
ISIC_6932845,600,450
ISIC_6933070,600,450
ISIC_6933511,600,450
ISIC_6933572,600,450
ISIC_6933675,600,450
ISIC_6934066,600,450
ISIC_6934396,600,450
ISIC_6934564,600,450
ISIC_6934851,600,450
ISIC_6935679,600,450
ISIC_6935765,600,450
ISIC_6936062,600,450
ISIC_6936754,600,450
ISIC_6936920,600,450
ISIC_6938390,600,450
ISIC_6938441,600,450
ISIC_6938646,600,450
ISIC_6938902,600,450
ISIC_6939444,600,450
ISIC_6940173,600,450
ISIC_6940478,600,450
ISIC_6941286,600,450
ISIC_6941420,600,450
ISIC_6942468,600,450
ISIC_6943109,600,450
ISIC_6943209,600,450
ISIC_6943256,600,450
ISIC_6945898,600,450
ISIC_6946162,600,450
ISIC_6946678,600,450
ISIC_6949754,600,450
ISIC_6950225,600,450
ISIC_6952094,600,450
ISIC_6952620,600,450
ISIC_6952812,600,450
ISIC_6953221,600,450
ISIC_6954063,600,450
ISIC_6954599,600,450
ISIC_6955501,600,450
ISIC_6956876,600,450
ISIC_6957053,600,450
ISIC_6957886,600,450
ISIC_6958809,600,450
ISIC_6958882,600,450
ISIC_6958939,600,450
ISIC_6959082,600,450
ISIC_6960107,600,450
ISIC_6963673,600,450
ISIC_6964854,600,450
ISIC_6965635,600,450
ISIC_6966227,600,450
ISIC_6966608,600,450
ISIC_6967166,600,450
ISIC_6967255,600,450
ISIC_6968104,600,450
ISIC_6968526,600,450
ISIC_6969322,600,450
ISIC_6970817,600,450
ISIC_6970909,600,450
ISIC_6971136,600,450
ISIC_6972742,600,450
ISIC_6973783,600,450
ISIC_6976701,600,450
ISIC_6977117,600,450
ISIC_6977201,600,450
ISIC_6977564,600,450
ISIC_6981576,600,450
ISIC_6982597,600,450
ISIC_6983648,600,450
ISIC_6984049,600,450
ISIC_6984699,600,450
ISIC_6987320,600,450
ISIC_6989179,600,450
ISIC_6989617,600,450
ISIC_6990939,600,450
ISIC_6990978,600,450
ISIC_6991585,600,450
ISIC_6992532,600,450
ISIC_6993040,600,450
ISIC_6993481,600,450
ISIC_6995667,600,450
ISIC_6995669,600,450
ISIC_6996440,600,450
ISIC_6997256,600,450
ISIC_6999728,600,450
ISIC_6999928,600,450
ISIC_7000928,600,450
ISIC_7001987,600,450
ISIC_7002238,600,450
ISIC_7003219,600,450
ISIC_7004185,600,450
ISIC_7005364,600,450
ISIC_7005663,600,450
ISIC_7005808,600,450
ISIC_7006091,600,450
ISIC_7006889,600,450
ISIC_7006971,600,450
ISIC_7008068,600,450
ISIC_7009394,600,450
ISIC_7009788,600,450
ISIC_7015879,600,450
ISIC_7016834,600,450
ISIC_7016980,600,450
ISIC_7017469,600,450
ISIC_7018101,600,450
ISIC_7020196,600,450
ISIC_7023633,600,450
ISIC_7029533,600,450
ISIC_7029585,600,450
ISIC_7030907,600,450
ISIC_7030953,600,450
ISIC_7031050,600,450
ISIC_7032433,600,450
ISIC_7033406,600,450
ISIC_7034446,600,450
ISIC_7034620,600,450
ISIC_7035620,600,450
ISIC_7037056,600,450
ISIC_7038723,600,450
ISIC_7040859,600,450
ISIC_7041996,600,450
ISIC_7042361,600,450
ISIC_7042940,600,450
ISIC_7043547,600,450
ISIC_7044118,600,450
ISIC_7044269,600,450
ISIC_7045012,600,450
ISIC_7046064,600,450
ISIC_7047367,600,450
ISIC_7047621,600,450
ISIC_7050719,600,450
ISIC_7051147,600,450
ISIC_7051193,600,450
ISIC_7053064,600,450
ISIC_7053200,600,450
ISIC_7056997,600,450
ISIC_7057641,600,450
ISIC_7058677,600,450
ISIC_7059546,600,450
ISIC_7061593,600,450
ISIC_7063713,600,450
ISIC_7065051,600,450
ISIC_7067801,600,450
ISIC_7067948,600,450
ISIC_7070121,600,450
ISIC_7070387,600,450
ISIC_7072308,600,450
ISIC_7072857,600,450
ISIC_7074302,600,450
ISIC_7074658,600,450
ISIC_7075127,600,450
ISIC_7076572,600,450
ISIC_7077229,600,450
ISIC_7077927,600,450
ISIC_7078711,600,450
ISIC_7079105,600,450
ISIC_7079437,600,450
ISIC_7080457,600,450
ISIC_7081739,600,450
ISIC_7081965,600,450
ISIC_7082655,600,450
ISIC_7082726,600,450
ISIC_7083773,600,450
ISIC_7085591,600,450
ISIC_7087826,600,450
ISIC_7090643,600,450
ISIC_7090951,600,450
ISIC_7094095,600,450
ISIC_7095135,600,450
ISIC_7096292,600,450
ISIC_7096753,600,450
ISIC_7097983,600,450
ISIC_7100195,600,450
ISIC_7100479,600,450
ISIC_7101608,600,450
ISIC_7101909,600,450
ISIC_7103694,600,450
ISIC_7105831,600,450
ISIC_7105876,600,450
ISIC_7105949,600,450
ISIC_7106496,600,450
ISIC_7108710,600,450
ISIC_7109494,600,450
ISIC_7110025,600,450
ISIC_7110078,600,450
ISIC_7110194,600,450
ISIC_7110687,600,450
ISIC_7111015,600,450
ISIC_7112529,600,450
ISIC_7112600,600,450
ISIC_7113721,600,450
ISIC_7114135,600,450
ISIC_7115215,600,450
ISIC_7115768,600,450
ISIC_7115858,600,450
ISIC_7116014,600,450
ISIC_7116414,600,450
ISIC_7116804,600,450
ISIC_7116818,600,450
ISIC_7117439,600,450
ISIC_7117747,600,450
ISIC_7118545,600,450
ISIC_7119069,600,450
ISIC_7119768,600,450
ISIC_7119882,600,450
ISIC_7122420,600,450
ISIC_7124407,600,450
ISIC_7126369,600,450
ISIC_7127801,600,450
ISIC_7128280,600,450
ISIC_7132196,600,450
ISIC_7133516,600,450
ISIC_7134919,600,450
ISIC_7135182,600,450
ISIC_7136010,600,450
ISIC_7137132,600,450
ISIC_7137645,600,450
ISIC_7138482,600,450
ISIC_7138580,600,450
ISIC_7138691,600,450
ISIC_7139452,600,450
ISIC_7139592,600,450
ISIC_7139633,600,450
ISIC_7140185,600,450
ISIC_7140233,600,450
ISIC_7142689,600,450
ISIC_7142949,600,450
ISIC_7143220,600,450
ISIC_7143311,600,450
ISIC_7143359,600,450
ISIC_7144270,600,450
ISIC_7144571,600,450
ISIC_7145117,600,450
ISIC_7146069,600,450
ISIC_7147780,600,450
ISIC_7148211,600,450
ISIC_7148236,600,450
ISIC_7149626,600,450
ISIC_7150018,600,450
ISIC_7150655,600,450
ISIC_7151709,600,450
ISIC_7151845,600,450
ISIC_7152699,600,450
ISIC_7153501,600,450
ISIC_7154038,600,450
ISIC_7155383,600,450
ISIC_7155489,600,450
ISIC_7161171,600,450
ISIC_7162187,600,450
ISIC_7162704,600,450
ISIC_7168635,600,450
ISIC_7169372,600,450
ISIC_7170025,600,450
ISIC_7171875,600,450
ISIC_7173478,600,450
ISIC_7174859,600,450
ISIC_7174866,600,450
ISIC_7176018,600,450
ISIC_7176434,600,450
ISIC_7176466,600,450
ISIC_7177310,600,450
ISIC_7179951,600,450
ISIC_7179957,600,450
ISIC_7184100,600,450
ISIC_7184709,600,450
ISIC_7185462,600,450
ISIC_7185513,600,450
ISIC_7188142,600,450
ISIC_7188705,600,450
ISIC_7188767,600,450
ISIC_7189150,600,450
ISIC_7189526,600,450
ISIC_7190000,600,450
ISIC_7193606,600,450
ISIC_7194453,600,450
ISIC_7195517,600,450
ISIC_7196937,600,450
ISIC_7196976,600,450
ISIC_7197136,600,450
ISIC_7197327,600,450
ISIC_7198657,600,450
ISIC_7198900,600,450
ISIC_7200132,600,450
ISIC_7200189,600,450
ISIC_7200761,600,450
ISIC_7201198,600,450
ISIC_7201806,600,450
ISIC_7202617,600,450
ISIC_7204351,600,450
ISIC_7204645,600,450
ISIC_7206020,600,450
ISIC_7206161,600,450
ISIC_7206588,600,450
ISIC_7206801,600,450
ISIC_7207387,600,450
ISIC_7207962,600,450
ISIC_7208610,600,450
ISIC_7208631,600,450
ISIC_7209186,600,450
ISIC_7209964,600,450
ISIC_7213515,600,450
ISIC_7214986,600,450
ISIC_7215858,600,450
ISIC_7216047,600,450
ISIC_7216810,600,450
ISIC_7217395,600,450
ISIC_7218635,600,450
ISIC_7221017,600,450
ISIC_7222742,600,450
ISIC_7225132,600,450
ISIC_7226778,600,450
ISIC_7227216,600,450
ISIC_7227276,600,450
ISIC_7227677,600,450
ISIC_7227895,600,450
ISIC_7230569,600,450
ISIC_7231430,600,450
ISIC_7231732,600,450
ISIC_7232942,600,450
ISIC_7234241,600,450
ISIC_7235047,600,450
ISIC_7235077,600,450
ISIC_7235569,600,450
ISIC_7235822,600,450
ISIC_7236730,600,450
ISIC_7236747,600,450
ISIC_7237752,600,450
ISIC_7238849,600,450
ISIC_7239055,600,450
ISIC_7241087,600,450
ISIC_7241253,600,450
ISIC_7241294,600,450
ISIC_7242126,600,450
ISIC_7242284,600,450
ISIC_7242927,600,450
ISIC_7243195,600,450
ISIC_7243320,600,450
ISIC_7243372,600,450
ISIC_7243538,600,450
ISIC_7245189,600,450
ISIC_7246920,600,450
ISIC_7247605,600,450
ISIC_7247659,600,450
ISIC_7248341,600,450
ISIC_7250021,600,450
ISIC_7251011,600,450
ISIC_7251638,600,450
ISIC_7253697,600,450
ISIC_7254042,600,450
ISIC_7256008,600,450
ISIC_7256290,600,450
ISIC_7256474,600,450
ISIC_7257043,600,450
ISIC_7259000,600,450
ISIC_7261168,600,450
ISIC_7261525,600,450
ISIC_7263241,600,450
ISIC_7264785,600,450
ISIC_7265211,600,450
ISIC_7266198,600,450
ISIC_7267324,600,450
ISIC_7268085,600,450
ISIC_7271415,600,450
ISIC_7271787,600,450
ISIC_7272469,600,450
ISIC_7272721,600,450
ISIC_7273308,600,450
ISIC_7273374,600,450
ISIC_7273851,600,450
ISIC_7273898,600,450
ISIC_7274523,600,450
ISIC_7275427,600,450
ISIC_7276894,600,450
ISIC_7277605,600,450
ISIC_7278376,600,450
ISIC_7278380,600,450
ISIC_7278433,600,450
ISIC_7278817,600,450
ISIC_7280473,600,450
ISIC_7282695,600,450
ISIC_7283446,600,450
ISIC_7283528,600,450
ISIC_7284546,600,450
ISIC_7285238,600,450
ISIC_7285901,600,450
ISIC_7286255,600,450
ISIC_7287192,600,450
ISIC_7288734,600,450
ISIC_7289001,600,450
ISIC_7289828,600,450
ISIC_7291783,600,450
ISIC_7292116,600,450
ISIC_7294780,600,450
ISIC_7297776,600,450
ISIC_7298204,600,450
ISIC_7298601,600,450
ISIC_7300115,600,450
ISIC_7302180,600,450
ISIC_7302567,600,450
ISIC_7303630,600,450
ISIC_7303727,600,450
ISIC_7304468,600,450
ISIC_7304569,600,450
ISIC_7304977,600,450
ISIC_7305201,600,450
ISIC_7307945,600,450
ISIC_7308323,600,450
ISIC_7308563,600,450
ISIC_7308766,600,450
ISIC_7308959,600,450
ISIC_7311133,600,450
ISIC_7311876,600,450
ISIC_7312960,600,450
ISIC_7313587,600,450
ISIC_7314033,600,450
ISIC_7315517,600,450
ISIC_7318590,600,450
ISIC_7319186,600,450
ISIC_7319315,600,450
ISIC_7319337,600,450
ISIC_7319361,600,450
ISIC_7320276,600,450
ISIC_7320560,600,450
ISIC_7321789,600,450
ISIC_7322599,600,450
ISIC_7323450,600,450
ISIC_7323687,600,450
ISIC_7324772,600,450
ISIC_7325617,600,450
ISIC_7325787,600,450
ISIC_7325830,600,450
ISIC_7326413,600,450
ISIC_7326842,600,450
ISIC_7328549,600,450
ISIC_7330557,600,450
ISIC_7330767,600,450
ISIC_7330944,600,450
ISIC_7331674,600,450
ISIC_7332242,600,450
ISIC_7334834,600,450
ISIC_7334939,600,450
ISIC_7335595,600,450
ISIC_7335684,600,450
ISIC_7335701,600,450
ISIC_7336445,600,450
ISIC_7337805,600,450
ISIC_7339771,600,450
ISIC_7339834,600,450
ISIC_7340333,600,450
ISIC_7342682,600,450
ISIC_7343168,600,450
ISIC_7343249,600,450
ISIC_7343701,600,450
ISIC_7344118,600,450
ISIC_7345682,600,450
ISIC_7345955,600,450
ISIC_7347161,600,450
ISIC_7347180,600,450
ISIC_7351010,600,450
ISIC_7352384,600,450
ISIC_7354709,600,450
ISIC_7356122,600,450
ISIC_7357556,600,450
ISIC_7358297,600,450
ISIC_7358947,600,450
ISIC_7359025,600,450
ISIC_7359902,600,450
ISIC_7362585,600,450
ISIC_7363553,600,450
ISIC_7363608,600,450
ISIC_7364338,600,450
ISIC_7364575,600,450
ISIC_7365593,600,450
ISIC_7367155,600,450
ISIC_7368145,600,450
ISIC_7368174,600,450
ISIC_7368423,600,450
ISIC_7370552,600,450
ISIC_7370617,600,450
ISIC_7372306,600,450
ISIC_7372500,600,450
ISIC_7374190,600,450
ISIC_7374556,600,450
ISIC_7374719,600,450
ISIC_7375111,600,450
ISIC_7375960,600,450
ISIC_7376317,600,450
ISIC_7377119,600,450
ISIC_7377763,600,450
ISIC_7377969,600,450
ISIC_7379221,600,450
ISIC_7379628,600,450
ISIC_7381318,600,450
ISIC_7381334,600,450
ISIC_7381608,600,450
ISIC_7382332,600,450
ISIC_7382599,600,450
ISIC_7382876,600,450
ISIC_7382992,600,450
ISIC_7383105,600,450
ISIC_7383339,600,450
ISIC_7384185,600,450
ISIC_7384502,600,450
ISIC_7384530,600,450
ISIC_7385775,600,450
ISIC_7386871,600,450
ISIC_7387118,600,450
ISIC_7387499,600,450
ISIC_7388680,600,450
ISIC_7390604,600,450
ISIC_7390977,600,450
ISIC_7391014,600,450
ISIC_7391184,600,450
ISIC_7391511,600,450
ISIC_7392473,600,450
ISIC_7393664,600,450
ISIC_7393792,600,450
ISIC_7394783,600,450
ISIC_7395485,600,450
ISIC_7395651,600,450
ISIC_7396327,600,450
ISIC_7396751,600,450
ISIC_7397137,600,450
ISIC_7397866,600,450
ISIC_7398112,600,450
ISIC_7399251,600,450
ISIC_7401818,600,450
ISIC_7402642,600,450
ISIC_7403025,600,450
ISIC_7403204,600,450
ISIC_7405877,600,450
ISIC_7406916,600,450
ISIC_7408729,600,450
ISIC_7409855,600,450
ISIC_7411878,600,450
ISIC_7413595,600,450
ISIC_7414517,600,450
ISIC_7415373,600,450
ISIC_7415657,600,450
ISIC_7417921,600,450
ISIC_7420218,600,450
ISIC_7423057,600,450
ISIC_7424118,600,450
ISIC_7424370,600,450
ISIC_7425508,600,450
ISIC_7425846,600,450
ISIC_7426470,600,450
ISIC_7430438,600,450
ISIC_7430526,600,450
ISIC_7431526,600,450
ISIC_7434007,600,450
ISIC_7434343,600,450
ISIC_7434803,600,450
ISIC_7434991,600,450
ISIC_7435742,600,450
ISIC_7435897,600,450
ISIC_7436110,600,450
ISIC_7436139,600,450
ISIC_7436712,600,450
ISIC_7441024,600,450
ISIC_7442526,600,450
ISIC_7445585,600,450
ISIC_7447177,600,450
ISIC_7447703,600,450
ISIC_7447961,600,450
ISIC_7449425,600,450
ISIC_7450231,600,450
ISIC_7450315,600,450
ISIC_7451740,600,450
ISIC_7451958,600,450
ISIC_7452036,600,450
ISIC_7452466,600,450
ISIC_7453335,600,450
ISIC_7454308,600,450
ISIC_7454892,600,450
ISIC_7454975,600,450
ISIC_7457072,600,450
ISIC_7457508,600,450
ISIC_7458610,600,450
ISIC_7459629,600,450
ISIC_7460585,600,450
ISIC_7461685,600,450
ISIC_7461810,600,450
ISIC_7464024,600,450
ISIC_7464071,600,450
ISIC_7464537,600,450
ISIC_7465284,600,450
ISIC_7466654,600,450
ISIC_7466902,600,450
ISIC_7467578,600,450
ISIC_7467595,600,450
ISIC_7469260,600,450
ISIC_7469563,600,450
ISIC_7472074,600,450
ISIC_7472087,600,450
ISIC_7472301,600,450
ISIC_7473131,600,450
ISIC_7474570,600,450
ISIC_7475014,600,450
ISIC_7475784,600,450
ISIC_7478833,600,450
ISIC_7479360,600,450
ISIC_7480455,600,450
ISIC_7481650,600,450
ISIC_7481885,600,450
ISIC_7482467,600,450
ISIC_7483655,600,450
ISIC_7484441,600,450
ISIC_7484955,600,450
ISIC_7485100,600,450
ISIC_7485318,600,450
ISIC_7485509,600,450
ISIC_7486855,600,450
ISIC_7490723,600,450
ISIC_7493882,600,450
ISIC_7493930,600,450
ISIC_7495478,600,450
ISIC_7497017,600,450
ISIC_7497769,600,450
ISIC_7499602,600,450
ISIC_7500032,600,450
ISIC_7500706,600,450
ISIC_7501563,600,450
ISIC_7501779,600,450
ISIC_7501825,600,450
ISIC_7503610,600,450
ISIC_7504308,600,450
ISIC_7504526,600,450
ISIC_7504717,600,450
ISIC_7505541,600,450
ISIC_7505667,600,450
ISIC_7506601,600,450
ISIC_7506634,600,450
ISIC_7507040,600,450
ISIC_7507238,600,450
ISIC_7507320,600,450
ISIC_7507858,600,450
ISIC_7508643,600,450
ISIC_7509328,600,450
ISIC_7509818,600,450
ISIC_7510898,600,450
ISIC_7512177,600,450
ISIC_7512401,600,450
ISIC_7512488,600,450
ISIC_7514787,600,450
ISIC_7516346,600,450
ISIC_7516657,600,450
ISIC_7517022,600,450
ISIC_7518317,600,450
ISIC_7520189,600,450
ISIC_7520217,600,450
ISIC_7521530,600,450
ISIC_7522059,600,450
ISIC_7522141,600,450
ISIC_7522903,600,450
ISIC_7523078,600,450
ISIC_7523542,600,450
ISIC_7526819,600,450
ISIC_7527340,600,450
ISIC_7527742,600,450
ISIC_7529554,600,450
ISIC_7530101,600,450
ISIC_7531562,600,450
ISIC_7531601,600,450
ISIC_7533028,600,450
ISIC_7534938,600,450
ISIC_7535027,600,450
ISIC_7535768,600,450
ISIC_7535873,600,450
ISIC_7535899,600,450
ISIC_7537434,600,450
ISIC_7541009,600,450
ISIC_7541188,600,450
ISIC_7541402,600,450
ISIC_7541597,600,450
ISIC_7542892,600,450
ISIC_7544069,600,450
ISIC_7546221,600,450
ISIC_7546528,600,450
ISIC_7547412,600,450
ISIC_7547900,600,450
ISIC_7548109,600,450
ISIC_7548342,600,450
ISIC_7548850,600,450
ISIC_7550834,600,450
ISIC_7550843,600,450
ISIC_7551222,600,450
ISIC_7553451,600,450
ISIC_7553601,600,450
ISIC_7555202,600,450
ISIC_7555988,600,450
ISIC_7557765,600,450
ISIC_7558897,600,450
ISIC_7559808,600,450
ISIC_7559942,600,450
ISIC_7560146,600,450
ISIC_7560911,600,450
ISIC_7560933,600,450
ISIC_7562678,600,450
ISIC_7563152,600,450
ISIC_7563649,600,450
ISIC_7563753,600,450
ISIC_7563945,600,450
ISIC_7566277,600,450
ISIC_7566402,600,450
ISIC_7567589,600,450
ISIC_7567880,600,450
ISIC_7569602,600,450
ISIC_7571181,600,450
ISIC_7572651,600,450
ISIC_7575073,600,450
ISIC_7579556,600,450
ISIC_7580736,600,450
ISIC_7581757,600,450
ISIC_7582667,600,450
ISIC_7583370,600,450
ISIC_7584393,600,450
ISIC_7585813,600,450
ISIC_7588660,600,450
ISIC_7588773,600,450
ISIC_7588984,600,450
ISIC_7589454,600,450
ISIC_7590490,600,450
ISIC_7592017,600,450
ISIC_7595404,600,450
ISIC_7600337,600,450
ISIC_7600832,600,450
ISIC_7602538,600,450
ISIC_7603703,600,450
ISIC_7604483,600,450
ISIC_7604705,600,450
ISIC_7605162,600,450
ISIC_7605177,600,450
ISIC_7605546,600,450
ISIC_7606142,600,450
ISIC_7607421,600,450
ISIC_7608693,600,450
ISIC_7610657,600,450
ISIC_7613649,600,450
ISIC_7614085,600,450
ISIC_7614845,600,450
ISIC_7615308,600,450
ISIC_7615926,600,450
ISIC_7616136,600,450
ISIC_7616494,600,450
ISIC_7618809,600,450
ISIC_7619664,600,450
ISIC_7619832,600,450
ISIC_7621482,600,450
ISIC_7623387,600,450
ISIC_7624779,600,450
ISIC_7626679,600,450
ISIC_7627574,600,450
ISIC_7627853,600,450
ISIC_7629062,600,450
ISIC_7629948,600,450
ISIC_7630309,600,450
ISIC_7631504,600,450
ISIC_7631509,600,450
ISIC_7632213,600,450
ISIC_7632279,600,450
ISIC_7632373,600,450
ISIC_7635285,600,450
ISIC_7637914,600,450
ISIC_7638974,600,450
ISIC_7640631,600,450
ISIC_7641847,600,450
ISIC_7642963,600,450
ISIC_7643593,600,450
ISIC_7644369,600,450
ISIC_7645103,600,450
ISIC_7645646,600,450
ISIC_7645695,600,450
ISIC_7645755,600,450
ISIC_7646698,600,450
ISIC_7646924,600,450
ISIC_7647531,600,450
ISIC_7647712,600,450
ISIC_7648987,600,450
ISIC_7650091,600,450
ISIC_7652679,600,450
ISIC_7652703,600,450
ISIC_7653495,600,450
ISIC_7655648,600,450
ISIC_7656588,600,450
ISIC_7656591,600,450
ISIC_7657322,600,450
ISIC_7661066,600,450
ISIC_7662628,600,450
ISIC_7662916,600,450
ISIC_7665103,600,450
ISIC_7665860,600,450
ISIC_7668131,600,450
ISIC_7668414,600,450
ISIC_7669551,600,450
ISIC_7670015,600,450
ISIC_7670059,600,450
ISIC_7670245,600,450
ISIC_7671344,600,450
ISIC_7671720,600,450
ISIC_7672873,600,450
ISIC_7675736,600,450
ISIC_7676731,600,450
ISIC_7677176,600,450
ISIC_7677568,600,450
ISIC_7680182,600,450
ISIC_7681010,600,450
ISIC_7682533,600,450
ISIC_7687096,600,450
ISIC_7687674,600,450
ISIC_7692464,600,450
ISIC_7692882,600,450
ISIC_7693768,600,450
ISIC_7695263,600,450
ISIC_7695480,600,450
ISIC_7695782,600,450
ISIC_7697023,600,450
ISIC_7700739,600,450
ISIC_7701592,600,450
ISIC_7701636,600,450
ISIC_7702191,600,450
ISIC_7702697,600,450
ISIC_7704554,600,450
ISIC_7705117,600,450
ISIC_7705901,600,450
ISIC_7706527,600,450
ISIC_7706534,600,450
ISIC_7708206,600,450
ISIC_7709002,600,450
ISIC_7710765,600,450
ISIC_7711097,600,450
ISIC_7711626,600,450
ISIC_7713646,600,450
ISIC_7713794,600,450
ISIC_7716315,600,450
ISIC_7717586,600,450
ISIC_7717657,600,450
ISIC_7718206,600,450
ISIC_7718433,600,450
ISIC_7719129,600,450
ISIC_7722970,600,450
ISIC_7725065,600,450
ISIC_7725581,600,450
ISIC_7726794,600,450
ISIC_7727693,600,450
ISIC_7727795,600,450
ISIC_7728329,600,450
ISIC_7729052,600,450
ISIC_7729398,600,450
ISIC_7730161,600,450
ISIC_7731011,600,450
ISIC_7731176,600,450
ISIC_7733305,600,450
ISIC_7733749,600,450
ISIC_7733845,600,450
ISIC_7733999,600,450
ISIC_7734472,600,450
ISIC_7735107,600,450
ISIC_7735271,600,450
ISIC_7737513,600,450
ISIC_7739032,600,450
ISIC_7739313,600,450
ISIC_7742510,600,450
ISIC_7742545,600,450
ISIC_7744368,600,450
ISIC_7744790,600,450
ISIC_7745161,600,450
ISIC_7745898,600,450
ISIC_7746558,600,450
ISIC_7747685,600,450
ISIC_7748940,600,450
ISIC_7748946,600,450
ISIC_7749511,600,450
ISIC_7749901,600,450
ISIC_7752452,600,450
ISIC_7752807,600,450
ISIC_7753585,600,450
ISIC_7754022,600,450
ISIC_7755525,600,450
ISIC_7756269,600,450
ISIC_7757000,600,450
ISIC_7758887,600,450
ISIC_7759828,600,450
ISIC_7760822,600,450
ISIC_7761513,600,450
ISIC_7762277,600,450
ISIC_7763661,600,450
ISIC_7764869,600,450
ISIC_7765407,600,450
ISIC_7765747,600,450
ISIC_7767475,600,450
ISIC_7767729,600,450
ISIC_7771236,600,450
ISIC_7774559,600,450
ISIC_7774908,600,450
ISIC_7775074,600,450
ISIC_7775105,600,450
ISIC_7775899,600,450
ISIC_7776586,600,450
ISIC_7777861,600,450
ISIC_7778161,600,450
ISIC_7778485,600,450
ISIC_7778901,600,450
ISIC_7779579,600,450
ISIC_7780391,600,450
ISIC_7780780,600,450
ISIC_7782700,600,450
ISIC_7782780,600,450
ISIC_7783388,600,450
ISIC_7784358,600,450
ISIC_7784876,600,450
ISIC_7785676,600,450
ISIC_7788766,600,450
ISIC_7789126,600,450
ISIC_7789436,600,450
ISIC_7789714,600,450
ISIC_7789919,600,450
ISIC_7790823,600,450
ISIC_7793370,600,450
ISIC_7793572,600,450
ISIC_7794974,600,450
ISIC_7797463,600,450
ISIC_7798660,600,450
ISIC_7799008,600,450
ISIC_7799334,600,450
ISIC_7799504,600,450
ISIC_7801225,600,450
ISIC_7801345,600,450
ISIC_7801659,600,450
ISIC_7803268,600,450
ISIC_7803811,600,450
ISIC_7803895,600,450
ISIC_7804815,600,450
ISIC_7805529,600,450
ISIC_7805543,600,450
ISIC_7805699,600,450
ISIC_7805735,600,450
ISIC_7806262,600,450
ISIC_7806816,600,450
ISIC_7806895,600,450
ISIC_7808009,600,450
ISIC_7808642,600,450
ISIC_7808755,600,450
ISIC_7808824,600,450
ISIC_7809981,600,450
ISIC_7811672,600,450
ISIC_7812213,600,450
ISIC_7812484,600,450
ISIC_7812529,600,450
ISIC_7813552,600,450
ISIC_7813760,600,450
ISIC_7816290,600,450
ISIC_7817656,600,450
ISIC_7817884,600,450
ISIC_7818562,600,450
ISIC_7819126,600,450
ISIC_7819570,600,450
ISIC_7820228,600,450
ISIC_7821150,600,450
ISIC_7821426,600,450
ISIC_7822239,600,450
ISIC_7822262,600,450
ISIC_7826908,600,450
ISIC_7827261,600,450
ISIC_7827973,600,450
ISIC_7827983,600,450
ISIC_7828218,600,450
ISIC_7828331,600,450
ISIC_7828899,600,450
ISIC_7830070,600,450
ISIC_7832392,600,450
ISIC_7834236,600,450
ISIC_7835311,600,450
ISIC_7835980,600,450
ISIC_7836446,600,450
ISIC_7836451,600,450
ISIC_7836855,600,450
ISIC_7837278,600,450
ISIC_7838099,600,450
ISIC_7838537,600,450
ISIC_7839162,600,450
ISIC_7841088,600,450
ISIC_7841785,600,450
ISIC_7843146,600,450
ISIC_7843276,600,450
ISIC_7844119,600,450
ISIC_7844519,600,450
ISIC_7846682,600,450
ISIC_7849398,600,450
ISIC_7849821,600,450
ISIC_7851081,600,450
ISIC_7852805,600,450
ISIC_7853005,600,450
ISIC_7853714,600,450
ISIC_7854881,600,450
ISIC_7855982,600,450
ISIC_7857854,600,450
ISIC_7858765,600,450
ISIC_7859130,600,450
ISIC_7860232,600,450
ISIC_7865678,600,450
ISIC_7868177,600,450
ISIC_7868229,600,450
ISIC_7869069,600,450
ISIC_7869346,600,450
ISIC_7870559,600,450
ISIC_7871224,600,450
ISIC_7872235,600,450
ISIC_7872925,600,450
ISIC_7872929,600,450
ISIC_7875352,600,450
ISIC_7876083,600,450
ISIC_7876146,600,450
ISIC_7876616,600,450
ISIC_7878572,600,450
ISIC_7878714,600,450
ISIC_7880723,600,450
ISIC_7882033,600,450
ISIC_7882124,600,450
ISIC_7882189,600,450
ISIC_7882504,600,450
ISIC_7883260,600,450
ISIC_7885691,600,450
ISIC_7885893,600,450
ISIC_7886084,600,450
ISIC_7886221,600,450
ISIC_7888447,600,450
ISIC_7888608,600,450
ISIC_7889192,600,450
ISIC_7889425,600,450
ISIC_7890093,600,450
ISIC_7890222,600,450
ISIC_7891302,600,450
ISIC_7892545,600,450
ISIC_7893518,600,450
ISIC_7894539,600,450
ISIC_7896796,600,450
ISIC_7896976,600,450
ISIC_7898573,600,450
ISIC_7898975,600,450
ISIC_7900173,600,450
ISIC_7901262,600,450
ISIC_7901805,600,450
ISIC_7902320,600,450
ISIC_7902497,600,450
ISIC_7902533,600,450
ISIC_7902747,600,450
ISIC_7903287,600,450
ISIC_7903629,600,450
ISIC_7904190,600,450
ISIC_7904505,600,450
ISIC_7904583,600,450
ISIC_7905907,600,450
ISIC_7905939,600,450
ISIC_7907324,600,450
ISIC_7910863,600,450
ISIC_7911067,600,450
ISIC_7911836,600,450
ISIC_7912691,600,450
ISIC_7913133,600,450
ISIC_7913268,600,450
ISIC_7913691,600,450
ISIC_7914809,600,450
ISIC_7915016,600,450
ISIC_7916204,600,450
ISIC_7916653,600,450
ISIC_7916990,600,450
ISIC_7917060,600,450
ISIC_7917913,600,450
ISIC_7918518,600,450
ISIC_7919661,600,450
ISIC_7919849,600,450
ISIC_7920017,600,450
ISIC_7921865,600,450
ISIC_7922830,600,450
ISIC_7925027,600,450
ISIC_7925520,600,450
ISIC_7926021,600,450
ISIC_7928247,600,450
ISIC_7929517,600,450
ISIC_7929528,600,450
ISIC_7931618,600,450
ISIC_7931784,600,450
ISIC_7931991,600,450
ISIC_7932712,600,450
ISIC_7933087,600,450
ISIC_7936557,600,450
ISIC_7936930,600,450
ISIC_7938895,600,450
ISIC_7938939,600,450
ISIC_7939416,600,450
ISIC_7939427,600,450
ISIC_7939458,600,450
ISIC_7939848,600,450
ISIC_7941055,600,450
ISIC_7943464,600,450
ISIC_7943627,600,450
ISIC_7943939,600,450
ISIC_7945457,600,450
ISIC_7946501,600,450
ISIC_7947601,600,450
ISIC_7949818,600,450
ISIC_7951600,600,450
ISIC_7952911,600,450
ISIC_7953190,600,450
ISIC_7954970,600,450
ISIC_7956828,600,450
ISIC_7957331,600,450
ISIC_7957957,600,450
ISIC_7958109,600,450
ISIC_7960659,600,450
ISIC_7960741,600,450
ISIC_7961515,600,450
ISIC_7961554,600,450
ISIC_7962171,600,450
ISIC_7964186,600,450
ISIC_7965278,600,450
ISIC_7965372,600,450
ISIC_7969817,600,450
ISIC_7970664,600,450
ISIC_7971759,600,450
ISIC_7971818,600,450
ISIC_7973098,600,450
ISIC_7974196,600,450
ISIC_7974235,600,450
ISIC_7974271,600,450
ISIC_7974788,600,450
ISIC_7974869,600,450
ISIC_7977103,600,450
ISIC_7977369,600,450
ISIC_7978498,600,450
ISIC_7979271,600,450
ISIC_7980095,600,450
ISIC_7981568,600,450
ISIC_7981707,600,450
ISIC_7982443,600,450
ISIC_7982662,600,450
ISIC_7983538,600,450
ISIC_7984223,600,450
ISIC_7985297,600,450
ISIC_7986295,600,450
ISIC_7987042,600,450
ISIC_7987908,600,450
ISIC_7989237,600,450
ISIC_7989369,600,450
ISIC_7989453,600,450
ISIC_7989475,600,450
ISIC_7991063,600,450
ISIC_7991319,600,450
ISIC_7991773,600,450
ISIC_7992008,600,450
ISIC_7992749,600,450
ISIC_7993187,600,450
ISIC_7993222,600,450
ISIC_7994643,600,450
ISIC_7996471,600,450
ISIC_7997862,600,450
ISIC_8000351,600,450
ISIC_8000477,600,450
ISIC_8000982,600,450
ISIC_8001737,600,450
ISIC_8002362,600,450
ISIC_8005759,600,450
ISIC_8006314,600,450
ISIC_8008482,600,450
ISIC_8010616,600,450
ISIC_8011910,600,450
ISIC_8012183,600,450
ISIC_8012264,600,450
ISIC_8015399,600,450
ISIC_8015470,600,450
ISIC_8016561,600,450
ISIC_8019366,600,450
ISIC_8019995,600,450
ISIC_8020470,600,450
ISIC_8020571,600,450
ISIC_8021491,600,450
ISIC_8021500,600,450
ISIC_8022914,600,450
ISIC_8023105,600,450
ISIC_8024416,600,450
ISIC_8024502,600,450
ISIC_8025365,600,450
ISIC_8025582,600,450
ISIC_8026822,600,450
ISIC_8027200,600,450
ISIC_8028890,600,450
ISIC_8031107,600,450
ISIC_8032040,600,450
ISIC_8032507,600,450
ISIC_8032730,600,450
ISIC_8033561,600,450
ISIC_8035327,600,450
ISIC_8037974,600,450
ISIC_8038275,600,450
ISIC_8038352,600,450
ISIC_8038497,600,450
ISIC_8039873,600,450
ISIC_8040056,600,450
ISIC_8041130,600,450
ISIC_8042747,600,450
ISIC_8042886,600,450
ISIC_8042946,600,450
ISIC_8044922,600,450
ISIC_8046525,600,450
ISIC_8050539,600,450
ISIC_8052182,600,450
ISIC_8052679,600,450
ISIC_8052859,600,450
ISIC_8053804,600,450
ISIC_8054114,600,450
ISIC_8054499,600,450
ISIC_8056101,600,450
ISIC_8056158,600,450
ISIC_8058034,600,450
ISIC_8059473,600,450
ISIC_8060479,600,450
ISIC_8060774,600,450
ISIC_8063764,600,450
ISIC_8064335,600,450
ISIC_8064864,600,450
ISIC_8068358,600,450
ISIC_8068926,600,450
ISIC_8069305,600,450
ISIC_8070587,600,450
ISIC_8071918,600,450
ISIC_8072870,600,450
ISIC_8073921,600,450
ISIC_8078817,600,450
ISIC_8079388,600,450
ISIC_8079552,600,450
ISIC_8079864,600,450
ISIC_8082083,600,450
ISIC_8088100,600,450
ISIC_8089680,600,450
ISIC_8090800,600,450
ISIC_8092373,600,450
ISIC_8095870,600,450
ISIC_8096488,600,450
ISIC_8096941,600,450
ISIC_8097656,600,450
ISIC_8097741,600,450
ISIC_8098167,600,450
ISIC_8098771,600,450
ISIC_8099059,600,450
ISIC_8102692,600,450
ISIC_8103067,600,450
ISIC_8104170,600,450
ISIC_8107179,600,450
ISIC_8107716,600,450
ISIC_8108965,600,450
ISIC_8109519,600,450
ISIC_8111688,600,450
ISIC_8112188,600,450
ISIC_8112445,600,450
ISIC_8113702,600,450
ISIC_8114137,600,450
ISIC_8114381,600,450
ISIC_8117173,600,450
ISIC_8117883,600,450
ISIC_8118009,600,450
ISIC_8119167,600,450
ISIC_8119943,600,450
ISIC_8120806,600,450
ISIC_8120877,600,450
ISIC_8120902,600,450
ISIC_8121619,600,450
ISIC_8124386,600,450
ISIC_8124598,600,450
ISIC_8126703,600,450
ISIC_8127734,600,450
ISIC_8129640,600,450
ISIC_8131794,600,450
ISIC_8132785,600,450
ISIC_8133362,600,450
ISIC_8133623,600,450
ISIC_8134181,600,450
ISIC_8137029,600,450
ISIC_8137954,600,450
ISIC_8138627,600,450
ISIC_8138760,600,450
ISIC_8139051,600,450
ISIC_8143135,600,450
ISIC_8144790,600,450
ISIC_8145727,600,450
ISIC_8145823,600,450
ISIC_8147299,600,450
ISIC_8149219,600,450
ISIC_8150619,600,450
ISIC_8151340,600,450
ISIC_8151706,600,450
ISIC_8152761,600,450
ISIC_8153849,600,450
ISIC_8153909,600,450
ISIC_8154140,600,450
ISIC_8154669,600,450
ISIC_8158325,600,450
ISIC_8158738,600,450
ISIC_8159044,600,450
ISIC_8159052,600,450
ISIC_8160587,600,450
ISIC_8160849,600,450
ISIC_8165089,600,450
ISIC_8167281,600,450
ISIC_8168496,600,450
ISIC_8171205,600,450
ISIC_8171211,600,450
ISIC_8171632,600,450
ISIC_8171954,600,450
ISIC_8172746,600,450
ISIC_8172800,600,450
ISIC_8175420,600,450
ISIC_8176738,600,450
ISIC_8176795,600,450
ISIC_8177696,600,450
ISIC_8178501,600,450
ISIC_8178616,600,450
ISIC_8178956,600,450
ISIC_8179634,600,450
ISIC_8180126,600,450
ISIC_8180214,600,450
ISIC_8180766,600,450
ISIC_8183159,600,450
ISIC_8184315,600,450
ISIC_8184627,600,450
ISIC_8186312,600,450
ISIC_8186630,600,450
ISIC_8188045,600,450
ISIC_8190843,600,450
ISIC_8191013,600,450
ISIC_8191999,600,450
ISIC_8193005,600,450
ISIC_8193858,600,450
ISIC_8195300,600,450
ISIC_8195612,600,450
ISIC_8195917,600,450
ISIC_8197317,600,450
ISIC_8197778,600,450
ISIC_8198425,600,450
ISIC_8198645,600,450
ISIC_8199024,600,450
ISIC_8202730,600,450
ISIC_8204527,600,450
ISIC_8206552,600,450
ISIC_8207675,600,450
ISIC_8209412,600,450
ISIC_8210069,600,450
ISIC_8212322,600,450
ISIC_8216271,600,450
ISIC_8216483,600,450
ISIC_8216653,600,450
ISIC_8218617,600,450
ISIC_8220140,600,450
ISIC_8223664,600,450
ISIC_8223761,600,450
ISIC_8224925,600,450
ISIC_8225481,600,450
ISIC_8225518,600,450
ISIC_8226322,600,450
ISIC_8226503,600,450
ISIC_8229493,600,450
ISIC_8229738,600,450
ISIC_8231124,600,450
ISIC_8231148,600,450
ISIC_8231201,600,450
ISIC_8231437,600,450
ISIC_8232296,600,450
ISIC_8234371,600,450
ISIC_8234709,600,450
ISIC_8234989,600,450
ISIC_8236388,600,450
ISIC_8236818,600,450
ISIC_8237625,600,450
ISIC_8238316,600,450
ISIC_8239142,600,450
ISIC_8239177,600,450
ISIC_8240527,600,450
ISIC_8243063,600,450
ISIC_8243525,600,450
ISIC_8243847,600,450
ISIC_8244439,600,450
ISIC_8245171,600,450
ISIC_8247362,600,450
ISIC_8247705,600,450
ISIC_8249583,600,450
ISIC_8251123,600,450
ISIC_8251827,600,450
ISIC_8251905,600,450
ISIC_8253140,600,450
ISIC_8253705,600,450
ISIC_8254014,600,450
ISIC_8254063,600,450
ISIC_8254778,600,450
ISIC_8255125,600,450
ISIC_8255479,600,450
ISIC_8256353,600,450
ISIC_8256652,600,450
ISIC_8257388,600,450
ISIC_8257972,600,450
ISIC_8260085,600,450
ISIC_8260302,600,450
ISIC_8260534,600,450
ISIC_8260850,600,450
ISIC_8261347,600,450
ISIC_8263244,600,450
ISIC_8268102,600,450
ISIC_8268192,600,450
ISIC_8268969,600,450
ISIC_8271657,600,450
ISIC_8271684,600,450
ISIC_8271995,600,450
ISIC_8273914,600,450
ISIC_8274052,600,450
ISIC_8274376,600,450
ISIC_8274729,600,450
ISIC_8274863,600,450
ISIC_8278794,600,450
ISIC_8280602,600,450
ISIC_8281265,600,450
ISIC_8283268,600,450
ISIC_8283280,600,450
ISIC_8284395,600,450
ISIC_8285122,600,450
ISIC_8285513,600,450
ISIC_8285845,600,450
ISIC_8285958,600,450
ISIC_8287342,600,450
ISIC_8287609,600,450
ISIC_8288141,600,450
ISIC_8288213,600,450
ISIC_8291456,600,450
ISIC_8292493,600,450
ISIC_8292731,600,450
ISIC_8292872,600,450
ISIC_8293339,600,450
ISIC_8293683,600,450
ISIC_8293828,600,450
ISIC_8294897,600,450
ISIC_8295638,600,450
ISIC_8301701,600,450
ISIC_8302244,600,450
ISIC_8302743,600,450
ISIC_8304179,600,450
ISIC_8305576,600,450
ISIC_8305748,600,450
ISIC_8307786,600,450
ISIC_8308325,600,450
ISIC_8309358,600,450
ISIC_8310935,600,450
ISIC_8311956,600,450
ISIC_8312363,600,450
ISIC_8313343,600,450
ISIC_8314749,600,450
ISIC_8318126,600,450
ISIC_8318215,600,450
ISIC_8319384,600,450
ISIC_8322623,600,450
ISIC_8323623,600,450
ISIC_8324594,600,450
ISIC_8324607,600,450
ISIC_8325885,600,450
ISIC_8325963,600,450
ISIC_8326686,600,450
ISIC_8327585,600,450
ISIC_8328022,600,450
ISIC_8329990,600,450
ISIC_8330638,600,450
ISIC_8331574,600,450
ISIC_8332020,600,450
ISIC_8333805,600,450
ISIC_8334167,600,450
ISIC_8334297,600,450
ISIC_8337677,600,450
ISIC_8338464,600,450
ISIC_8338783,600,450
ISIC_8339130,600,450
ISIC_8339862,600,450
ISIC_8339912,600,450
ISIC_8339951,600,450
ISIC_8340872,600,450
ISIC_8341598,600,450
ISIC_8342006,600,450
ISIC_8344038,600,450
ISIC_8344146,600,450
ISIC_8344818,600,450
ISIC_8344886,600,450
ISIC_8345526,600,450
ISIC_8346017,600,450
ISIC_8346382,600,450
ISIC_8349783,600,450
ISIC_8349907,600,450
ISIC_8350291,600,450
ISIC_8350480,600,450
ISIC_8350498,600,450
ISIC_8350851,600,450
ISIC_8351733,600,450
ISIC_8352723,600,450
ISIC_8353499,600,450
ISIC_8354428,600,450
ISIC_8355069,600,450
ISIC_8355956,600,450
ISIC_8356317,600,450
ISIC_8356432,600,450
ISIC_8356711,600,450
ISIC_8356776,600,450
ISIC_8357175,600,450
ISIC_8357891,600,450
ISIC_8358187,600,450
ISIC_8358325,600,450
ISIC_8358859,600,450
ISIC_8361691,600,450
ISIC_8361955,600,450
ISIC_8362273,600,450
ISIC_8362681,600,450
ISIC_8363273,600,450
ISIC_8365405,600,450
ISIC_8365952,600,450
ISIC_8366050,600,450
ISIC_8366447,600,450
ISIC_8366620,600,450
ISIC_8366863,600,450
ISIC_8367084,600,450
ISIC_8367579,600,450
ISIC_8368960,600,450
ISIC_8370666,600,450
ISIC_8372143,600,450
ISIC_8372465,600,450
ISIC_8372539,600,450
ISIC_8373214,600,450
ISIC_8373898,600,450
ISIC_8374389,600,450
ISIC_8375466,600,450
ISIC_8375920,600,450
ISIC_8376145,600,450
ISIC_8376392,600,450
ISIC_8376889,600,450
ISIC_8377707,600,450
ISIC_8379217,600,450
ISIC_8379235,600,450
ISIC_8381176,600,450
ISIC_8381434,600,450
ISIC_8381606,600,450
ISIC_8383673,600,450
ISIC_8383870,600,450
ISIC_8385396,600,450
ISIC_8385616,600,450
ISIC_8385854,600,450
ISIC_8387069,600,450
ISIC_8389918,600,450
ISIC_8390104,600,450
ISIC_8390299,600,450
ISIC_8390476,600,450
ISIC_8391328,600,450
ISIC_8392439,600,450
ISIC_8394448,600,450
ISIC_8397636,600,450
ISIC_8400472,600,450
ISIC_8401508,600,450
ISIC_8402218,600,450
ISIC_8402813,600,450
ISIC_8402952,600,450
ISIC_8403731,600,450
ISIC_8403829,600,450
ISIC_8405549,600,450
ISIC_8405809,600,450
ISIC_8407534,600,450
ISIC_8408499,600,450
ISIC_8410138,600,450
ISIC_8410820,600,450
ISIC_8410845,600,450
ISIC_8410933,600,450
ISIC_8413819,600,450
ISIC_8414183,600,450
ISIC_8414442,600,450
ISIC_8414527,600,450
ISIC_8416462,600,450
ISIC_8417980,600,450
ISIC_8419172,600,450
ISIC_8419830,600,450
ISIC_8420285,600,450
ISIC_8421484,600,450
ISIC_8424294,600,450
ISIC_8424804,600,450
ISIC_8426219,600,450
ISIC_8429141,600,450
ISIC_8429175,600,450
ISIC_8430655,600,450
ISIC_8431081,600,450
ISIC_8431346,600,450
ISIC_8431410,600,450
ISIC_8433656,600,450
ISIC_8435693,600,450
ISIC_8436161,600,450
ISIC_8436376,600,450
ISIC_8436767,600,450
ISIC_8437510,600,450
ISIC_8438197,600,450
ISIC_8438291,600,450
ISIC_8439407,600,450
ISIC_8441087,600,450
ISIC_8443235,600,450
ISIC_8443887,600,450
ISIC_8446097,600,450
ISIC_8446431,600,450
ISIC_8446505,600,450
ISIC_8448006,600,450
ISIC_8448143,600,450
ISIC_8450508,600,450
ISIC_8450877,600,450
ISIC_8452965,600,450
ISIC_8453550,600,450
ISIC_8455179,600,450
ISIC_8457294,600,450
ISIC_8457494,600,450
ISIC_8457619,600,450
ISIC_8458042,600,450
ISIC_8458255,600,450
ISIC_8458699,600,450
ISIC_8459726,600,450
ISIC_8461400,600,450
ISIC_8462138,600,450
ISIC_8462208,600,450
ISIC_8462237,600,450
ISIC_8463692,600,450
ISIC_8463837,600,450
ISIC_8467445,600,450
ISIC_8468152,600,450
ISIC_8468747,600,450
ISIC_8469156,600,450
ISIC_8470224,600,450
ISIC_8470753,600,450
ISIC_8472106,600,450
ISIC_8472225,600,450
ISIC_8472745,600,450
ISIC_8473068,600,450
ISIC_8473871,600,450
ISIC_8476500,600,450
ISIC_8478651,600,450
ISIC_8479393,600,450
ISIC_8479950,600,450
ISIC_8483047,600,450
ISIC_8483821,600,450
ISIC_8483907,600,450
ISIC_8483915,600,450
ISIC_8484419,600,450
ISIC_8485230,600,450
ISIC_8487958,600,450
ISIC_8488027,600,450
ISIC_8491813,600,450
ISIC_8491981,600,450
ISIC_8492315,600,450
ISIC_8494727,600,450
ISIC_8495209,600,450
ISIC_8495426,600,450
ISIC_8497007,600,450
ISIC_8498076,600,450
ISIC_8499730,600,450
ISIC_8499977,600,450
ISIC_8500215,600,450
ISIC_8500794,600,450
ISIC_8501407,600,450
ISIC_8505283,600,450
ISIC_8508207,600,450
ISIC_8508919,600,450
ISIC_8509634,600,450
ISIC_8509874,600,450
ISIC_8509933,600,450
ISIC_8511040,600,450
ISIC_8511101,600,450
ISIC_8513973,600,450
ISIC_8516115,600,450
ISIC_8517056,600,450
ISIC_8518612,600,450
ISIC_8520875,600,450
ISIC_8521879,600,450
ISIC_8525569,600,450
ISIC_8525598,600,450
ISIC_8525826,600,450
ISIC_8527678,600,450
ISIC_8528097,600,450
ISIC_8528570,600,450
ISIC_8528718,600,450
ISIC_8528760,600,450
ISIC_8529932,600,450
ISIC_8531002,600,450
ISIC_8531625,600,450
ISIC_8532508,600,450
ISIC_8532648,600,450
ISIC_8533186,600,450
ISIC_8534089,600,450
ISIC_8537600,600,450
ISIC_8537605,600,450
ISIC_8541890,600,450
ISIC_8541956,600,450
ISIC_8542319,600,450
ISIC_8543046,600,450
ISIC_8544097,600,450
ISIC_8544988,600,450
ISIC_8545101,600,450
ISIC_8545164,600,450
ISIC_8545769,600,450
ISIC_8546307,600,450
ISIC_8546677,600,450
ISIC_8547720,600,450
ISIC_8549775,600,450
ISIC_8550132,600,450
ISIC_8550133,600,450
ISIC_8551756,600,450
ISIC_8552530,600,450
ISIC_8553734,600,450
ISIC_8554900,600,450
ISIC_8554994,600,450
ISIC_8556393,600,450
ISIC_8556689,600,450
ISIC_8558562,600,450
ISIC_8558850,600,450
ISIC_8558990,600,450
ISIC_8559278,600,450
ISIC_8561066,600,450
ISIC_8561129,600,450
ISIC_8562787,600,450
ISIC_8563004,600,450
ISIC_8563013,600,450
ISIC_8564627,600,450
ISIC_8565468,600,450
ISIC_8565474,600,450
ISIC_8566440,600,450
ISIC_8570261,600,450
ISIC_8572463,600,450
ISIC_8572592,600,450
ISIC_8573497,600,450
ISIC_8577350,600,450
ISIC_8577597,600,450
ISIC_8577913,600,450
ISIC_8580681,600,450
ISIC_8584528,600,450
ISIC_8586056,600,450
ISIC_8588817,600,450
ISIC_8591122,600,450
ISIC_8593738,600,450
ISIC_8596125,600,450
ISIC_8597782,600,450
ISIC_8597788,600,450
ISIC_8597919,600,450
ISIC_8598339,600,450
ISIC_8599510,600,450
ISIC_8599807,600,450
ISIC_8600102,600,450
ISIC_8601570,600,450
ISIC_8603109,600,450
ISIC_8603749,600,450
ISIC_8604423,600,450
ISIC_8604474,600,450
ISIC_8604662,600,450
ISIC_8606881,600,450
ISIC_8609184,600,450
ISIC_8611718,600,450
ISIC_8612060,600,450
ISIC_8612251,600,450
ISIC_8612934,600,450
ISIC_8613107,600,450
ISIC_8613265,600,450
ISIC_8614302,600,450
ISIC_8614567,600,450
ISIC_8614640,600,450
ISIC_8615296,600,450
ISIC_8615408,600,450
ISIC_8615694,600,450
ISIC_8616033,600,450
ISIC_8616397,600,450
ISIC_8617896,600,450
ISIC_8618352,600,450
ISIC_8619333,600,450
ISIC_8619763,600,450
ISIC_8620082,600,450
ISIC_8620236,600,450
ISIC_8621381,600,450
ISIC_8622558,600,450
ISIC_8623171,600,450
ISIC_8623479,600,450
ISIC_8626277,600,450
ISIC_8626292,600,450
ISIC_8627295,600,450
ISIC_8627581,600,450
ISIC_8631635,600,450
ISIC_8633121,600,450
ISIC_8635663,600,450
ISIC_8635734,600,450
ISIC_8636984,600,450
ISIC_8638879,600,450
ISIC_8638964,600,450
ISIC_8639067,600,450
ISIC_8639708,600,450
ISIC_8641274,600,450
ISIC_8641404,600,450
ISIC_8641712,600,450
ISIC_8642318,600,450
ISIC_8642522,600,450
ISIC_8643100,600,450
ISIC_8644031,600,450
ISIC_8644033,600,450
ISIC_8645743,600,450
ISIC_8646399,600,450
ISIC_8646764,600,450
ISIC_8647252,600,450
ISIC_8647858,600,450
ISIC_8648920,600,450
ISIC_8649350,600,450
ISIC_8649670,600,450
ISIC_8649825,600,450
ISIC_8650160,600,450
ISIC_8650326,600,450
ISIC_8650757,600,450
ISIC_8652712,600,450
ISIC_8653825,600,450
ISIC_8654948,600,450
ISIC_8657483,600,450
ISIC_8657995,600,450
ISIC_8659657,600,450
ISIC_8660074,600,450
ISIC_8660210,600,450
ISIC_8660310,600,450
ISIC_8660432,600,450
ISIC_8662550,600,450
ISIC_8662604,600,450
ISIC_8663511,600,450
ISIC_8664926,600,450
ISIC_8667734,600,450
ISIC_8667960,600,450
ISIC_8668469,600,450
ISIC_8668491,600,450
ISIC_8668865,600,450
ISIC_8668985,600,450
ISIC_8669887,600,450
ISIC_8669932,600,450
ISIC_8670753,600,450
ISIC_8672327,600,450
ISIC_8673290,600,450
ISIC_8673829,600,450
ISIC_8674267,600,450
ISIC_8674473,600,450
ISIC_8675305,600,450
ISIC_8678580,600,450
ISIC_8678969,600,450
ISIC_8680621,600,450
ISIC_8680973,600,450
ISIC_8684025,600,450
ISIC_8684482,600,450
ISIC_8685078,600,450
ISIC_8685453,600,450
ISIC_8686696,600,450
ISIC_8687339,600,450
ISIC_8687675,600,450
ISIC_8689886,600,450
ISIC_8690049,600,450
ISIC_8690116,600,450
ISIC_8691098,600,450
ISIC_8693307,600,450
ISIC_8693433,600,450
ISIC_8694246,600,450
ISIC_8695042,600,450
ISIC_8695319,600,450
ISIC_8695455,600,450
ISIC_8696381,600,450
ISIC_8696938,600,450
ISIC_8697607,600,450
ISIC_8698177,600,450
ISIC_8698202,600,450
ISIC_8698547,600,450
ISIC_8699233,600,450
ISIC_8699706,600,450
ISIC_8701104,600,450
ISIC_8701249,600,450
ISIC_8701478,600,450
ISIC_8703747,600,450
ISIC_8703792,600,450
ISIC_8704127,600,450
ISIC_8704436,600,450
ISIC_8705648,600,450
ISIC_8707635,600,450
ISIC_8707995,600,450
ISIC_8708228,600,450
ISIC_8709148,600,450
ISIC_8710450,600,450
ISIC_8712502,600,450
ISIC_8713886,600,450
ISIC_8714957,600,450
ISIC_8715446,600,450
ISIC_8715920,600,450
ISIC_8717771,600,450
ISIC_8718627,600,450
ISIC_8720890,600,450
ISIC_8721730,600,450
ISIC_8722421,600,450
ISIC_8722591,600,450
ISIC_8723086,600,450
ISIC_8723221,600,450
ISIC_8723719,600,450
ISIC_8724627,600,450
ISIC_8726132,600,450
ISIC_8730307,600,450
ISIC_8731377,600,450
ISIC_8731413,600,450
ISIC_8731964,600,450
ISIC_8732830,600,450
ISIC_8733906,600,450
ISIC_8734016,600,450
ISIC_8734969,600,450
ISIC_8736820,600,450
ISIC_8737266,600,450
ISIC_8738126,600,450
ISIC_8740093,600,450
ISIC_8740405,600,450
ISIC_8741300,600,450
ISIC_8741674,600,450
ISIC_8743028,600,450
ISIC_8744116,600,450
ISIC_8744831,600,450
ISIC_8745129,600,450
ISIC_8745325,600,450
ISIC_8745622,600,450
ISIC_8745861,600,450
ISIC_8746170,600,450
ISIC_8746569,600,450
ISIC_8746740,600,450
ISIC_8748477,600,450
ISIC_8748525,600,450
ISIC_8749451,600,450
ISIC_8750253,600,450
ISIC_8753280,600,450
ISIC_8754137,600,450
ISIC_8754259,600,450
ISIC_8755727,600,450
ISIC_8758280,600,450
ISIC_8759215,600,450
ISIC_8759947,600,450
ISIC_8760881,600,450
ISIC_8762355,600,450
ISIC_8764700,600,450
ISIC_8766762,600,450
ISIC_8767141,600,450
ISIC_8768212,600,450
ISIC_8768360,600,450
ISIC_8768573,600,450
ISIC_8768858,600,450
ISIC_8769047,600,450
ISIC_8769148,600,450
ISIC_8771153,600,450
ISIC_8771453,600,450
ISIC_8771667,600,450
ISIC_8772140,600,450
ISIC_8774868,600,450
ISIC_8776361,600,450
ISIC_8776447,600,450
ISIC_8776679,600,450
ISIC_8776793,600,450
ISIC_8778268,600,450
ISIC_8778674,600,450
ISIC_8779998,600,450
ISIC_8782095,600,450
ISIC_8782205,600,450
ISIC_8782299,600,450
ISIC_8782993,600,450
ISIC_8783624,600,450
ISIC_8785987,600,450
ISIC_8786035,600,450
ISIC_8786149,600,450
ISIC_8787301,600,450
ISIC_8788388,600,450
ISIC_8788500,600,450
ISIC_8789412,600,450
ISIC_8790740,600,450
ISIC_8790878,600,450
ISIC_8790887,600,450
ISIC_8791057,600,450
ISIC_8791911,600,450
ISIC_8793103,600,450
ISIC_8793131,600,450
ISIC_8793565,600,450
ISIC_8793718,600,450
ISIC_8793818,600,450
ISIC_8800271,600,450
ISIC_8800634,600,450
ISIC_8802957,600,450
ISIC_8803389,600,450
ISIC_8804250,600,450
ISIC_8805390,600,450
ISIC_8807238,600,450
ISIC_8808076,600,450
ISIC_8810193,600,450
ISIC_8810868,600,450
ISIC_8810920,600,450
ISIC_8811262,600,450
ISIC_8812260,600,450
ISIC_8815245,600,450
ISIC_8815594,600,450
ISIC_8815763,600,450
ISIC_8816075,600,450
ISIC_8816242,600,450
ISIC_8816308,600,450
ISIC_8818884,600,450
ISIC_8820732,600,450
ISIC_8821083,600,450
ISIC_8821690,600,450
ISIC_8823892,600,450
ISIC_8825637,600,450
ISIC_8826493,600,450
ISIC_8827860,600,450
ISIC_8828083,600,450
ISIC_8828944,600,450
ISIC_8829523,600,450
ISIC_8830091,600,450
ISIC_8830166,600,450
ISIC_8830503,600,450
ISIC_8830776,600,450
ISIC_8830839,600,450
ISIC_8832464,600,450
ISIC_8832798,600,450
ISIC_8832843,600,450
ISIC_8833451,600,450
ISIC_8834324,600,450
ISIC_8837131,600,450
ISIC_8839205,600,450
ISIC_8839329,600,450
ISIC_8839444,600,450
ISIC_8839494,600,450
ISIC_8840511,600,450
ISIC_8842467,600,450
ISIC_8843104,600,450
ISIC_8843537,600,450
ISIC_8845800,600,450
ISIC_8846211,600,450
ISIC_8846554,600,450
ISIC_8846852,600,450
ISIC_8847230,600,450
ISIC_8849386,600,450
ISIC_8850071,600,450
ISIC_8851360,600,450
ISIC_8851382,600,450
ISIC_8853941,600,450
ISIC_8854712,600,450
ISIC_8856766,600,450
ISIC_8857322,600,450
ISIC_8858231,600,450
ISIC_8858434,600,450
ISIC_8858676,600,450
ISIC_8860235,600,450
ISIC_8860890,600,450
ISIC_8861411,600,450
ISIC_8862307,600,450
ISIC_8862763,600,450
ISIC_8863147,600,450
ISIC_8863788,600,450
ISIC_8865829,600,450
ISIC_8866895,600,450
ISIC_8867010,600,450
ISIC_8868003,600,450
ISIC_8868188,600,450
ISIC_8868777,600,450
ISIC_8869199,600,450
ISIC_8870190,600,450
ISIC_8870317,600,450
ISIC_8870441,600,450
ISIC_8872336,600,450
ISIC_8873365,600,450
ISIC_8874166,600,450
ISIC_8876204,600,450
ISIC_8876261,600,450
ISIC_8877039,600,450
ISIC_8878792,600,450
ISIC_8879305,600,450
ISIC_8879612,600,450
ISIC_8880430,600,450
ISIC_8880596,600,450
ISIC_8880696,600,450
ISIC_8882028,600,450
ISIC_8882107,600,450
ISIC_8882696,600,450
ISIC_8883053,600,450
ISIC_8883217,600,450
ISIC_8884437,600,450
ISIC_8890260,600,450
ISIC_8890680,600,450
ISIC_8893011,600,450
ISIC_8894147,600,450
ISIC_8894733,600,450
ISIC_8894857,600,450
ISIC_8895392,600,450
ISIC_8895973,600,450
ISIC_8897421,600,450
ISIC_8897741,600,450
ISIC_8898024,600,450
ISIC_8898114,600,450
ISIC_8898285,600,450
ISIC_8898499,600,450
ISIC_8898820,600,450
ISIC_8898834,600,450
ISIC_8899125,600,450
ISIC_8899246,600,450
ISIC_8899493,600,450
ISIC_8899742,600,450
ISIC_8900097,600,450
ISIC_8903447,600,450
ISIC_8904388,600,450
ISIC_8904796,600,450
ISIC_8905603,600,450
ISIC_8906358,600,450
ISIC_8907397,600,450
ISIC_8908980,600,450
ISIC_8910720,600,450
ISIC_8911152,600,450
ISIC_8912166,600,450
ISIC_8912227,600,450
ISIC_8913904,600,450
ISIC_8914881,600,450
ISIC_8914963,600,450
ISIC_8914970,600,450
ISIC_8915033,600,450
ISIC_8916536,600,450
ISIC_8917612,600,450
ISIC_8918247,600,450
ISIC_8919169,600,450
ISIC_8919899,600,450
ISIC_8921695,600,450
ISIC_8921737,600,450
ISIC_8922165,600,450
ISIC_8922391,600,450
ISIC_8923256,600,450
ISIC_8925555,600,450
ISIC_8929392,600,450
ISIC_8929684,600,450
ISIC_8930739,600,450
ISIC_8932533,600,450
ISIC_8932910,600,450
ISIC_8933142,600,450
ISIC_8933202,600,450
ISIC_8934759,600,450
ISIC_8935612,600,450
ISIC_8935869,600,450
ISIC_8937601,600,450
ISIC_8938866,600,450
ISIC_8939939,600,450
ISIC_8942026,600,450
ISIC_8942421,600,450
ISIC_8943266,600,450
ISIC_8943375,600,450
ISIC_8943527,600,450
ISIC_8944107,600,450
ISIC_8945348,600,450
ISIC_8945633,600,450
ISIC_8946169,600,450
ISIC_8946719,600,450
ISIC_8947312,600,450
ISIC_8947496,600,450
ISIC_8949217,600,450
ISIC_8949240,600,450
ISIC_8949610,600,450
ISIC_8951479,600,450
ISIC_8951979,600,450
ISIC_8952365,600,450
ISIC_8953004,600,450
ISIC_8953290,600,450
ISIC_8953643,600,450
ISIC_8954124,600,450
ISIC_8955200,600,450
ISIC_8960889,600,450
ISIC_8961614,600,450
ISIC_8963623,600,450
ISIC_8966831,600,450
ISIC_8969175,600,450
ISIC_8969336,600,450
ISIC_8970659,600,450
ISIC_8972926,600,450
ISIC_8973952,600,450
ISIC_8975655,600,450
ISIC_8976041,600,450
ISIC_8976859,600,450
ISIC_8977223,600,450
ISIC_8977908,600,450
ISIC_8977962,600,450
ISIC_8978224,600,450
ISIC_8979429,600,450
ISIC_8979552,600,450
ISIC_8979849,600,450
ISIC_8980636,600,450
ISIC_8980999,600,450
ISIC_8981300,600,450
ISIC_8981897,600,450
ISIC_8982555,600,450
ISIC_8984053,600,450
ISIC_8984180,600,450
ISIC_8984287,600,450
ISIC_8989132,600,450
ISIC_8989885,600,450
ISIC_8990576,600,450
ISIC_8992188,600,450
ISIC_8992800,600,450
ISIC_8993296,600,450
ISIC_8994952,600,450
ISIC_8995161,600,450
ISIC_8997026,600,450
ISIC_9000883,600,450
ISIC_9001139,600,450
ISIC_9001368,600,450
ISIC_9001724,600,450
ISIC_9001735,600,450
ISIC_9002119,600,450
ISIC_9002358,600,450
ISIC_9003113,600,450
ISIC_9004284,600,450
ISIC_9004415,600,450
ISIC_9005222,600,450
ISIC_9005347,600,450
ISIC_9006317,600,450
ISIC_9007301,600,450
ISIC_9008854,600,450
ISIC_9011764,600,450
ISIC_9011999,600,450
ISIC_9014235,600,450
ISIC_9017680,600,450
ISIC_9018538,600,450
ISIC_9018696,600,450
ISIC_9019095,600,450
ISIC_9019664,600,450
ISIC_9020314,600,450
ISIC_9022996,600,450
ISIC_9023174,600,450
ISIC_9024518,600,450
ISIC_9025095,600,450
ISIC_9026609,600,450
ISIC_9026654,600,450
ISIC_9026907,600,450
ISIC_9026951,600,450
ISIC_9030298,600,450
ISIC_9030826,600,450
ISIC_9034449,600,450
ISIC_9035644,600,450
ISIC_9038494,600,450
ISIC_9039481,600,450
ISIC_9039736,600,450
ISIC_9041525,600,450
ISIC_9043368,600,450
ISIC_9043374,600,450
ISIC_9044867,600,450
ISIC_9045023,600,450
ISIC_9046790,600,450
ISIC_9047747,600,450
ISIC_9047853,600,450
ISIC_9048474,600,450
ISIC_9048808,600,450
ISIC_9051035,600,450
ISIC_9051937,600,450
ISIC_9052310,600,450
ISIC_9053541,600,450
ISIC_9054883,600,450
ISIC_9055167,600,450
ISIC_9055179,600,450
ISIC_9055453,600,450
ISIC_9055556,600,450
ISIC_9056629,600,450
ISIC_9057655,600,450
ISIC_9058731,600,450
ISIC_9059079,600,450
ISIC_9059867,600,450
ISIC_9060041,600,450
ISIC_9060326,600,450
ISIC_9060487,600,450
ISIC_9061574,600,450
ISIC_9061787,600,450
ISIC_9062645,600,450
ISIC_9063581,600,450
ISIC_9064266,600,450
ISIC_9064583,600,450
ISIC_9067523,600,450
ISIC_9067935,600,450
ISIC_9069540,600,450
ISIC_9071975,600,450
ISIC_9072692,600,450
ISIC_9073117,600,450
ISIC_9073665,600,450
ISIC_9073880,600,450
ISIC_9074070,600,450
ISIC_9074196,600,450
ISIC_9074776,600,450
ISIC_9075056,600,450
ISIC_9075808,600,450
ISIC_9076466,600,450
ISIC_9076757,600,450
ISIC_9076994,600,450
ISIC_9078579,600,450
ISIC_9078796,600,450
ISIC_9079428,600,450
ISIC_9080829,600,450
ISIC_9083944,600,450
ISIC_9084000,600,450
ISIC_9084534,600,450
ISIC_9088580,600,450
ISIC_9090562,600,450
ISIC_9091739,600,450
ISIC_9092057,600,450
ISIC_9093424,600,450
ISIC_9094964,600,450
ISIC_9096776,600,450
ISIC_9098536,600,450
ISIC_9098662,600,450
ISIC_9098782,600,450
ISIC_9098981,600,450
ISIC_9099090,600,450
ISIC_9100425,600,450
ISIC_9100704,600,450
ISIC_9101382,600,450
ISIC_9101809,600,450
ISIC_9102029,600,450
ISIC_9103397,600,450
ISIC_9103398,600,450
ISIC_9104095,600,450
ISIC_9105114,600,450
ISIC_9105300,600,450
ISIC_9105996,600,450
ISIC_9107434,600,450
ISIC_9107874,600,450
ISIC_9107881,600,450
ISIC_9111814,600,450
ISIC_9112089,600,450
ISIC_9113111,600,450
ISIC_9114285,600,450
ISIC_9114356,600,450
ISIC_9115621,600,450
ISIC_9115886,600,450
ISIC_9116454,600,450
ISIC_9116920,600,450
ISIC_9118088,600,450
ISIC_9118975,600,450
ISIC_9120690,600,450
ISIC_9120905,600,450
ISIC_9121967,600,450
ISIC_9124673,600,450
ISIC_9125091,600,450
ISIC_9126529,600,450
ISIC_9127714,600,450
ISIC_9129820,600,450
ISIC_9129838,600,450
ISIC_9130589,600,450
ISIC_9131247,600,450
ISIC_9132006,600,450
ISIC_9132204,600,450
ISIC_9132828,600,450
ISIC_9134607,600,450
ISIC_9135081,600,450
ISIC_9136213,600,450
ISIC_9136283,600,450
ISIC_9137740,600,450
ISIC_9138708,600,450
ISIC_9139090,600,450
ISIC_9139162,600,450
ISIC_9140116,600,450
ISIC_9140582,600,450
ISIC_9140869,600,450
ISIC_9140973,600,450
ISIC_9141788,600,450
ISIC_9142036,600,450
ISIC_9144494,600,450
ISIC_9144551,600,450
ISIC_9144877,600,450
ISIC_9145770,600,450
ISIC_9147502,600,450
ISIC_9147605,600,450
ISIC_9148166,600,450
ISIC_9148837,600,450
ISIC_9149555,600,450
ISIC_9149605,600,450
ISIC_9151156,600,450
ISIC_9152345,600,450
ISIC_9153141,600,450
ISIC_9153724,600,450
ISIC_9155060,600,450
ISIC_9155561,600,450
ISIC_9156050,600,450
ISIC_9156154,600,450
ISIC_9157592,600,450
ISIC_9159202,600,450
ISIC_9159246,600,450
ISIC_9161347,600,450
ISIC_9161483,600,450
ISIC_9161612,600,450
ISIC_9163561,600,450
ISIC_9164586,600,450
ISIC_9165967,600,450
ISIC_9166927,600,450
ISIC_9167637,600,450
ISIC_9170556,600,450
ISIC_9171491,600,450
ISIC_9171793,600,450
ISIC_9172274,600,450
ISIC_9172622,600,450
ISIC_9173490,600,450
ISIC_9173896,600,450
ISIC_9174580,600,450
ISIC_9175575,600,450
ISIC_9176060,600,450
ISIC_9176784,600,450
ISIC_9177006,600,450
ISIC_9177146,600,450
ISIC_9178156,600,450
ISIC_9178763,600,450
ISIC_9179044,600,450
ISIC_9179636,600,450
ISIC_9179884,600,450
ISIC_9180125,600,450
ISIC_9180642,600,450
ISIC_9181159,600,450
ISIC_9182531,600,450
ISIC_9183026,600,450
ISIC_9183794,600,450
ISIC_9185835,600,450
ISIC_9186111,600,450
ISIC_9186927,600,450
ISIC_9187182,600,450
ISIC_9188614,600,450
ISIC_9188713,600,450
ISIC_9191650,600,450
ISIC_9191957,600,450
ISIC_9192620,600,450
ISIC_9195108,600,450
ISIC_9196525,600,450
ISIC_9197238,600,450
ISIC_9198253,600,450
ISIC_9198446,600,450
ISIC_9199020,600,450
ISIC_9200112,600,450
ISIC_9203716,600,450
ISIC_9204575,600,450
ISIC_9204844,600,450
ISIC_9205905,600,450
ISIC_9206416,600,450
ISIC_9206516,600,450
ISIC_9206660,600,450
ISIC_9206757,600,450
ISIC_9207099,600,450
ISIC_9207862,600,450
ISIC_9208623,600,450
ISIC_9209191,600,450
ISIC_9209368,600,450
ISIC_9209458,600,450
ISIC_9210156,600,450
ISIC_9212173,600,450
ISIC_9212791,600,450
ISIC_9213644,600,450
ISIC_9214947,600,450
ISIC_9215935,600,450
ISIC_9216457,600,450
ISIC_9216543,600,450
ISIC_9216609,600,450
ISIC_9218783,600,450
ISIC_9219836,600,450
ISIC_9221083,600,450
ISIC_9221495,600,450
ISIC_9222540,600,450
ISIC_9222858,600,450
ISIC_9223565,600,450
ISIC_9225022,600,450
ISIC_9225499,600,450
ISIC_9225788,600,450
ISIC_9226737,600,450
ISIC_9227283,600,450
ISIC_9227362,600,450
ISIC_9227379,600,450
ISIC_9231306,600,450
ISIC_9231756,600,450
ISIC_9232517,600,450
ISIC_9232753,600,450
ISIC_9233052,600,450
ISIC_9233649,600,450
ISIC_9236022,600,450
ISIC_9236121,600,450
ISIC_9237488,600,450
ISIC_9239028,600,450
ISIC_9239381,600,450
ISIC_9239978,600,450
ISIC_9240332,600,450
ISIC_9242872,600,450
ISIC_9247586,600,450
ISIC_9249196,600,450
ISIC_9250445,600,450
ISIC_9250721,600,450
ISIC_9250781,600,450
ISIC_9250861,600,450
ISIC_9250989,600,450
ISIC_9251635,600,450
ISIC_9253237,600,450
ISIC_9254169,600,450
ISIC_9254710,600,450
ISIC_9255011,600,450
ISIC_9255133,600,450
ISIC_9255385,600,450
ISIC_9255841,600,450
ISIC_9256618,600,450
ISIC_9256840,600,450
ISIC_9257390,600,450
ISIC_9258545,600,450
ISIC_9258794,600,450
ISIC_9259846,600,450
ISIC_9260804,600,450
ISIC_9261011,600,450
ISIC_9261289,600,450
ISIC_9261403,600,450
ISIC_9262459,600,450
ISIC_9263681,600,450
ISIC_9263753,600,450
ISIC_9264413,600,450
ISIC_9265386,600,450
ISIC_9266057,600,450
ISIC_9267602,600,450
ISIC_9267796,600,450
ISIC_9268464,600,450
ISIC_9268987,600,450
ISIC_9269238,600,450
ISIC_9270547,600,450
ISIC_9271327,600,450
ISIC_9271454,600,450
ISIC_9272344,600,450
ISIC_9272970,600,450
ISIC_9274292,600,450
ISIC_9275120,600,450
ISIC_9276683,600,450
ISIC_9276715,600,450
ISIC_9276741,600,450
ISIC_9276884,600,450
ISIC_9276888,600,450
ISIC_9276896,600,450
ISIC_9277601,600,450
ISIC_9278360,600,450
ISIC_9280380,600,450
ISIC_9280729,600,450
ISIC_9281043,600,450
ISIC_9285071,600,450
ISIC_9285148,600,450
ISIC_9285479,600,450
ISIC_9286506,600,450
ISIC_9286963,600,450
ISIC_9287993,600,450
ISIC_9290704,600,450
ISIC_9290748,600,450
ISIC_9294596,600,450
ISIC_9294763,600,450
ISIC_9296037,600,450
ISIC_9296237,600,450
ISIC_9297122,600,450
ISIC_9297268,600,450
ISIC_9301982,600,450
ISIC_9304429,600,450
ISIC_9304458,600,450
ISIC_9308029,600,450
ISIC_9308744,600,450
ISIC_9309251,600,450
ISIC_9310034,600,450
ISIC_9310359,600,450
ISIC_9310886,600,450
ISIC_9311925,600,450
ISIC_9312353,600,450
ISIC_9312951,600,450
ISIC_9313746,600,450
ISIC_9314032,600,450
ISIC_9314416,600,450
ISIC_9314612,600,450
ISIC_9314988,600,450
ISIC_9315615,600,450
ISIC_9316561,600,450
ISIC_9316861,600,450
ISIC_9317486,600,450
ISIC_9317670,600,450
ISIC_9318888,600,450
ISIC_9319124,600,450
ISIC_9320577,600,450
ISIC_9320989,600,450
ISIC_9321127,600,450
ISIC_9322304,600,450
ISIC_9323438,600,450
ISIC_9325289,600,450
ISIC_9326688,600,450
ISIC_9329600,600,450
ISIC_9332272,600,450
ISIC_9333834,600,450
ISIC_9334393,600,450
ISIC_9336484,600,450
ISIC_9336765,600,450
ISIC_9336915,600,450
ISIC_9338271,600,450
ISIC_9338482,600,450
ISIC_9339729,600,450
ISIC_9340414,600,450
ISIC_9342357,600,450
ISIC_9342460,600,450
ISIC_9344767,600,450
ISIC_9345667,600,450
ISIC_9346486,600,450
ISIC_9347140,600,450
ISIC_9348273,600,450
ISIC_9350105,600,450
ISIC_9351886,600,450
ISIC_9353865,600,450
ISIC_9354948,600,450
ISIC_9355799,600,450
ISIC_9356329,600,450
ISIC_9357735,600,450
ISIC_9360308,600,450
ISIC_9361398,600,450
ISIC_9365663,600,450
ISIC_9365835,600,450
ISIC_9369364,600,450
ISIC_9369610,600,450
ISIC_9370126,600,450
ISIC_9375501,600,450
ISIC_9376271,600,450
ISIC_9376579,600,450
ISIC_9379057,600,450
ISIC_9379186,600,450
ISIC_9379796,600,450
ISIC_9380419,600,450
ISIC_9382183,600,450
ISIC_9382791,600,450
ISIC_9383853,600,450
ISIC_9384262,600,450
ISIC_9384345,600,450
ISIC_9388783,600,450
ISIC_9389123,600,450
ISIC_9390065,600,450
ISIC_9390488,600,450
ISIC_9390664,600,450
ISIC_9390963,600,450
ISIC_9392092,600,450
ISIC_9392128,600,450
ISIC_9392626,600,450
ISIC_9394962,600,450
ISIC_9399207,600,450
ISIC_9399586,600,450
ISIC_9399711,600,450
ISIC_9400088,600,450
ISIC_9400150,600,450
ISIC_9400307,600,450
ISIC_9400517,600,450
ISIC_9401538,600,450
ISIC_9401613,600,450
ISIC_9403836,600,450
ISIC_9404018,600,450
ISIC_9404484,600,450
ISIC_9406973,600,450
ISIC_9408905,600,450
ISIC_9410235,600,450
ISIC_9410557,600,450
ISIC_9411450,600,450
ISIC_9411600,600,450
ISIC_9415828,600,450
ISIC_9415992,600,450
ISIC_9416518,600,450
ISIC_9419736,600,450
ISIC_9420912,600,450
ISIC_9420991,600,450
ISIC_9421756,600,450
ISIC_9422230,600,450
ISIC_9422255,600,450
ISIC_9423469,600,450
ISIC_9423923,600,450
ISIC_9424114,600,450
ISIC_9424882,600,450
ISIC_9426065,600,450
ISIC_9426194,600,450
ISIC_9426683,600,450
ISIC_9427744,600,450
ISIC_9428829,600,450
ISIC_9430710,600,450
ISIC_9430903,600,450
ISIC_9432372,600,450
ISIC_9434832,600,450
ISIC_9436084,600,450
ISIC_9441092,600,450
ISIC_9441749,600,450
ISIC_9442170,600,450
ISIC_9442868,600,450
ISIC_9443293,600,450
ISIC_9443349,600,450
ISIC_9444018,600,450
ISIC_9445672,600,450
ISIC_9446110,600,450
ISIC_9447454,600,450
ISIC_9447530,600,450
ISIC_9450429,600,450
ISIC_9451191,600,450
ISIC_9451700,600,450
ISIC_9451867,600,450
ISIC_9452345,600,450
ISIC_9454462,600,450
ISIC_9455367,600,450
ISIC_9457442,600,450
ISIC_9460306,600,450
ISIC_9460407,600,450
ISIC_9460959,600,450
ISIC_9465394,600,450
ISIC_9467067,600,450
ISIC_9467983,600,450
ISIC_9468404,600,450
ISIC_9468437,600,450
ISIC_9470013,600,450
ISIC_9471648,600,450
ISIC_9471674,600,450
ISIC_9472474,600,450
ISIC_9472574,600,450
ISIC_9473743,600,450
ISIC_9474028,600,450
ISIC_9474451,600,450
ISIC_9475776,600,450
ISIC_9476389,600,450
ISIC_9477090,600,450
ISIC_9478252,600,450
ISIC_9479710,600,450
ISIC_9480680,600,450
ISIC_9483103,600,450
ISIC_9483507,600,450
ISIC_9484284,600,450
ISIC_9485513,600,450
ISIC_9486029,600,450
ISIC_9486866,600,450
ISIC_9487423,600,450
ISIC_9487621,600,450
ISIC_9488743,600,450
ISIC_9488771,600,450
ISIC_9488866,600,450
ISIC_9489767,600,450
ISIC_9489971,600,450
ISIC_9490027,600,450
ISIC_9490906,600,450
ISIC_9491707,600,450
ISIC_9492806,600,450
ISIC_9492928,600,450
ISIC_9495791,600,450
ISIC_9496310,600,450
ISIC_9497071,600,450
ISIC_9497415,600,450
ISIC_9501224,600,450
ISIC_9501706,600,450
ISIC_9501753,600,450
ISIC_9502415,600,450
ISIC_9503013,600,450
ISIC_9504198,600,450
ISIC_9506376,600,450
ISIC_9507615,600,450
ISIC_9508038,600,450
ISIC_9508636,600,450
ISIC_9509446,600,450
ISIC_9509837,600,450
ISIC_9510334,600,450
ISIC_9512295,600,450
ISIC_9512371,600,450
ISIC_9512388,600,450
ISIC_9512917,600,450
ISIC_9513437,600,450
ISIC_9513919,600,450
ISIC_9518414,600,450
ISIC_9519122,600,450
ISIC_9519917,600,450
ISIC_9521072,600,450
ISIC_9521117,600,450
ISIC_9521190,600,450
ISIC_9521421,600,450
ISIC_9521441,600,450
ISIC_9521548,600,450
ISIC_9521675,600,450
ISIC_9522896,600,450
ISIC_9523126,600,450
ISIC_9524858,600,450
ISIC_9525008,600,450
ISIC_9526087,600,450
ISIC_9528430,600,450
ISIC_9528989,600,450
ISIC_9529544,600,450
ISIC_9529664,600,450
ISIC_9531073,600,450
ISIC_9531638,600,450
ISIC_9532043,600,450
ISIC_9532049,600,450
ISIC_9532297,600,450
ISIC_9532907,600,450
ISIC_9534817,600,450
ISIC_9535614,600,450
ISIC_9536837,600,450
ISIC_9536932,600,450
ISIC_9540648,600,450
ISIC_9540789,600,450
ISIC_9541260,600,450
ISIC_9541448,600,450
ISIC_9542991,600,450
ISIC_9543736,600,450
ISIC_9543805,600,450
ISIC_9543842,600,450
ISIC_9544557,600,450
ISIC_9545117,600,450
ISIC_9546161,600,450
ISIC_9546201,600,450
ISIC_9546309,600,450
ISIC_9546496,600,450
ISIC_9546502,600,450
ISIC_9547201,600,450
ISIC_9547255,600,450
ISIC_9547421,600,450
ISIC_9548799,600,450
ISIC_9549096,600,450
ISIC_9550550,600,450
ISIC_9551475,600,450
ISIC_9552131,600,450
ISIC_9552444,600,450
ISIC_9552881,600,450
ISIC_9553909,600,450
ISIC_9558332,600,450
ISIC_9559910,600,450
ISIC_9560522,600,450
ISIC_9560548,600,450
ISIC_9560618,600,450
ISIC_9560662,600,450
ISIC_9561756,600,450
ISIC_9562051,600,450
ISIC_9562131,600,450
ISIC_9562167,600,450
ISIC_9566384,600,450
ISIC_9566444,600,450
ISIC_9566721,600,450
ISIC_9568205,600,450
ISIC_9568577,600,450
ISIC_9569670,600,450
ISIC_9569749,600,450
ISIC_9570026,600,450
ISIC_9570770,600,450
ISIC_9570959,600,450
ISIC_9571815,600,450
ISIC_9571862,600,450
ISIC_9572021,600,450
ISIC_9572075,600,450
ISIC_9573010,600,450
ISIC_9574838,600,450
ISIC_9577015,600,450
ISIC_9578110,600,450
ISIC_9579385,600,450
ISIC_9579576,600,450
ISIC_9579888,600,450
ISIC_9581030,600,450
ISIC_9581647,600,450
ISIC_9581881,600,450
ISIC_9583399,600,450
ISIC_9584529,600,450
ISIC_9584532,600,450
ISIC_9586593,600,450
ISIC_9586937,600,450
ISIC_9586991,600,450
ISIC_9587078,600,450
ISIC_9587230,600,450
ISIC_9587357,600,450
ISIC_9588100,600,450
ISIC_9588487,600,450
ISIC_9589099,600,450
ISIC_9589958,600,450
ISIC_9590640,600,450
ISIC_9592132,600,450
ISIC_9592403,600,450
ISIC_9592877,600,450
ISIC_9593683,600,450
ISIC_9594263,600,450
ISIC_9594679,600,450
ISIC_9594918,600,450
ISIC_9596173,600,450
ISIC_9596244,600,450
ISIC_9596637,600,450
ISIC_9597152,600,450
ISIC_9597858,600,450
ISIC_9598235,600,450
ISIC_9598621,600,450
ISIC_9599992,600,450
ISIC_9601345,600,450
ISIC_9606854,600,450
ISIC_9608161,600,450
ISIC_9609356,600,450
ISIC_9611209,600,450
ISIC_9611388,600,450
ISIC_9612446,600,450
ISIC_9612761,600,450
ISIC_9613721,600,450
ISIC_9614509,600,450
ISIC_9614578,600,450
ISIC_9614625,600,450
ISIC_9614715,600,450
ISIC_9617606,600,450
ISIC_9619047,600,450
ISIC_9625234,600,450
ISIC_9625758,600,450
ISIC_9625853,600,450
ISIC_9626996,600,450
ISIC_9627212,600,450
ISIC_9627432,600,450
ISIC_9627594,600,450
ISIC_9627993,600,450
ISIC_9629029,600,450
ISIC_9629139,600,450
ISIC_9630006,600,450
ISIC_9634842,600,450
ISIC_9636152,600,450
ISIC_9639067,600,450
ISIC_9639952,600,450
ISIC_9640662,600,450
ISIC_9640973,600,450
ISIC_9641063,600,450
ISIC_9641700,600,450
ISIC_9641825,600,450
ISIC_9641859,600,450
ISIC_9642154,600,450
ISIC_9642724,600,450
ISIC_9642927,600,450
ISIC_9642936,600,450
ISIC_9643087,600,450
ISIC_9643914,600,450
ISIC_9648502,600,450
ISIC_9648773,600,450
ISIC_9649323,600,450
ISIC_9650544,600,450
ISIC_9650776,600,450
ISIC_9651478,600,450
ISIC_9656292,600,450
ISIC_9658127,600,450
ISIC_9658944,600,450
ISIC_9660882,600,450
ISIC_9661422,600,450
ISIC_9661702,600,450
ISIC_9662237,600,450
ISIC_9663937,600,450
ISIC_9666538,600,450
ISIC_9666922,600,450
ISIC_9668142,600,450
ISIC_9668453,600,450
ISIC_9668533,600,450
ISIC_9668892,600,450
ISIC_9669577,600,450
ISIC_9670100,600,450
ISIC_9673021,600,450
ISIC_9674469,600,450
ISIC_9676478,600,450
ISIC_9676659,600,450
ISIC_9676972,600,450
ISIC_9677476,600,450
ISIC_9679124,600,450
ISIC_9679564,600,450
ISIC_9680458,600,450
ISIC_9682195,600,450
ISIC_9683086,600,450
ISIC_9685756,600,450
ISIC_9685758,600,450
ISIC_9686538,600,450
ISIC_9688065,600,450
ISIC_9688192,600,450
ISIC_9690596,600,450
ISIC_9691123,600,450
ISIC_9693001,600,450
ISIC_9693456,600,450
ISIC_9693802,600,450
ISIC_9693907,600,450
ISIC_9696099,600,450
ISIC_9696815,600,450
ISIC_9697273,600,450
ISIC_9700218,600,450
ISIC_9701048,600,450
ISIC_9702862,600,450
ISIC_9703128,600,450
ISIC_9703510,600,450
ISIC_9704524,600,450
ISIC_9704742,600,450
ISIC_9705765,600,450
ISIC_9706057,600,450
ISIC_9706117,600,450
ISIC_9706184,600,450
ISIC_9708493,600,450
ISIC_9708941,600,450
ISIC_9710618,600,450
ISIC_9710909,600,450
ISIC_9712861,600,450
ISIC_9713038,600,450
ISIC_9714916,600,450
ISIC_9718735,600,450
ISIC_9718756,600,450
ISIC_9719495,600,450
ISIC_9719634,600,450
ISIC_9720285,600,450
ISIC_9721840,600,450
ISIC_9725159,600,450
ISIC_9725243,600,450
ISIC_9725650,600,450
ISIC_9726099,600,450
ISIC_9726153,600,450
ISIC_9728651,600,450
ISIC_9728749,600,450
ISIC_9730737,600,450
ISIC_9733625,600,450
ISIC_9735316,600,450
ISIC_9735329,600,450
ISIC_9735403,600,450
ISIC_9736851,600,450
ISIC_9737054,600,450
ISIC_9738040,600,450
ISIC_9738298,600,450
ISIC_9739600,600,450
ISIC_9739946,600,450
ISIC_9740592,600,450
ISIC_9742404,600,450
ISIC_9744084,600,450
ISIC_9745273,600,450
ISIC_9747479,600,450
ISIC_9747544,600,450
ISIC_9749130,600,450
ISIC_9750600,600,450
ISIC_9755138,600,450
ISIC_9755301,600,450
ISIC_9756261,600,450
ISIC_9756715,600,450
ISIC_9756777,600,450
ISIC_9756878,600,450
ISIC_9757709,600,450
ISIC_9759173,600,450
ISIC_9759381,600,450
ISIC_9760671,600,450
ISIC_9761409,600,450
ISIC_9762915,600,450
ISIC_9766600,600,450
ISIC_9767663,600,450
ISIC_9769821,600,450
ISIC_9770798,600,450
ISIC_9774070,600,450
ISIC_9774801,600,450
ISIC_9776077,600,450
ISIC_9776410,600,450
ISIC_9776738,600,450
ISIC_9777242,600,450
ISIC_9777580,600,450
ISIC_9777954,600,450
ISIC_9778028,600,450
ISIC_9778651,600,450
ISIC_9780121,600,450
ISIC_9784837,600,450
ISIC_9785301,600,450
ISIC_9786685,600,450
ISIC_9788437,600,450
ISIC_9790247,600,450
ISIC_9790523,600,450
ISIC_9790773,600,450
ISIC_9791119,600,450
ISIC_9792283,600,450
ISIC_9792479,600,450
ISIC_9794743,600,450
ISIC_9796777,600,450
ISIC_9797265,600,450
ISIC_9798470,600,450
ISIC_9800865,600,450
ISIC_9801308,600,450
ISIC_9802157,600,450
ISIC_9802702,600,450
ISIC_9802963,600,450
ISIC_9803465,600,450
ISIC_9804365,600,450
ISIC_9807651,600,450
ISIC_9807754,600,450
ISIC_9809278,600,450
ISIC_9809345,600,450
ISIC_9809557,600,450
ISIC_9810068,600,450
ISIC_9810739,600,450
ISIC_9812075,600,450
ISIC_9812459,600,450
ISIC_9812504,600,450
ISIC_9814001,600,450
ISIC_9814156,600,450
ISIC_9814738,600,450
ISIC_9815182,600,450
ISIC_9815898,600,450
ISIC_9816160,600,450
ISIC_9816264,600,450
ISIC_9816395,600,450
ISIC_9818203,600,450
ISIC_9818689,600,450
ISIC_9818964,600,450
ISIC_9820266,600,450
ISIC_9820396,600,450
ISIC_9820560,600,450
ISIC_9821910,600,450
ISIC_9822543,600,450
ISIC_9823894,600,450
ISIC_9824186,600,450
ISIC_9824409,600,450
ISIC_9826023,600,450
ISIC_9826365,600,450
ISIC_9826615,600,450
ISIC_9828047,600,450
ISIC_9828103,600,450
ISIC_9829558,600,450
ISIC_9831096,600,450
ISIC_9831775,600,450
ISIC_9832572,600,450
ISIC_9832783,600,450
ISIC_9833026,600,450
ISIC_9841903,600,450
ISIC_9842192,600,450
ISIC_9843002,600,450
ISIC_9845346,600,450
ISIC_9846502,600,450
ISIC_9846956,600,450
ISIC_9848425,600,450
ISIC_9849120,600,450
ISIC_9850235,600,450
ISIC_9850344,600,450
ISIC_9850356,600,450
ISIC_9850628,600,450
ISIC_9852855,600,450
ISIC_9853363,600,450
ISIC_9857002,600,450
ISIC_9859487,600,450
ISIC_9860654,600,450
ISIC_9861310,600,450
ISIC_9862532,600,450
ISIC_9864702,600,450
ISIC_9865547,600,450
ISIC_9866460,600,450
ISIC_9867644,600,450
ISIC_9871721,600,450
ISIC_9873401,600,450
ISIC_9873782,600,450
ISIC_9875123,600,450
ISIC_9875364,600,450
ISIC_9875968,600,450
ISIC_9878811,600,450
ISIC_9878841,600,450
ISIC_9879446,600,450
ISIC_9881436,600,450
ISIC_9882842,600,450
ISIC_9884445,600,450
ISIC_9886033,600,450
ISIC_9886316,600,450
ISIC_9886654,600,450
ISIC_9886748,600,450
ISIC_9886919,600,450
ISIC_9886925,600,450
ISIC_9887877,600,450
ISIC_9890207,600,450
ISIC_9890254,600,450
ISIC_9890480,600,450
ISIC_9890732,600,450
ISIC_9891275,600,450
ISIC_9892179,600,450
ISIC_9892393,600,450
ISIC_9892615,600,450
ISIC_9893445,600,450
ISIC_9894744,600,450
ISIC_9895318,600,450
ISIC_9896110,600,450
ISIC_9896318,600,450
ISIC_9896561,600,450
ISIC_9896977,600,450
ISIC_9899180,600,450
ISIC_9899763,600,450
ISIC_9900027,600,450
ISIC_9900723,600,450
ISIC_9901858,600,450
ISIC_9903464,600,450
ISIC_9905593,600,450
ISIC_9909273,600,450
ISIC_9909368,600,450
ISIC_9909995,600,450
ISIC_9912332,600,450
ISIC_9915322,600,450
ISIC_9915349,600,450
ISIC_9915675,600,450
ISIC_9916112,600,450
ISIC_9916568,600,450
ISIC_9918302,600,450
ISIC_9918967,600,450
ISIC_9921386,600,450
ISIC_9922427,600,450
ISIC_9922993,600,450
ISIC_9923124,600,450
ISIC_9923880,600,450
ISIC_9925039,600,450
ISIC_9925307,600,450
ISIC_9925921,600,450
ISIC_9927143,600,450
ISIC_9927174,600,450
ISIC_9929712,600,450
ISIC_9929733,600,450
ISIC_9931617,600,450
ISIC_9931935,600,450
ISIC_9932255,600,450
ISIC_9932307,600,450
ISIC_9933283,600,450
ISIC_9934612,600,450
ISIC_9936601,600,450
ISIC_9938958,600,450
ISIC_9939897,600,450
ISIC_9940061,600,450
ISIC_9940495,600,450
ISIC_9940509,600,450
ISIC_9941177,600,450
ISIC_9944257,600,450
ISIC_9944485,600,450
ISIC_9945084,600,450
ISIC_9945188,600,450
ISIC_9945392,600,450
ISIC_9945604,600,450
ISIC_9945680,600,450
ISIC_9950919,600,450
ISIC_9951312,600,450
ISIC_9951505,600,450
ISIC_9954496,600,450
ISIC_9955193,600,450
ISIC_9956546,600,450
ISIC_9956878,600,450
ISIC_9961570,600,450
ISIC_9961928,600,450
ISIC_9963933,600,450
ISIC_9965584,600,450
ISIC_9966328,600,450
ISIC_9966733,600,450
ISIC_9968131,600,450
ISIC_9969311,600,450
ISIC_9971064,600,450
ISIC_9973095,600,450
ISIC_9973379,600,450
ISIC_9973864,600,450
ISIC_9974916,600,450
ISIC_9976872,600,450
ISIC_9977374,600,450
ISIC_9978058,600,450
ISIC_9979190,600,450
ISIC_9981611,600,450
ISIC_9982272,600,450
ISIC_9983655,600,450
ISIC_9985358,600,450
ISIC_9986730,600,450
ISIC_9987344,600,450
ISIC_9987696,600,450
ISIC_9987719,600,450
ISIC_9989178,600,450
ISIC_9989889,600,450
ISIC_9991793,600,450
ISIC_9992299,600,450
ISIC_9992648,600,450
ISIC_9994191,600,450
ISIC_9995425,600,450
ISIC_9995871,600,450
ISIC_9995901,600,450
ISIC_9997661,600,450
ISIC_9998198,600,450
ISIC_9998927,600,450
ISIC_9999151,600,450
